title,description,choice,location-tag,location,date-tag,date,symptom-tag,symptom,re-date-tag,re-date
Marianne Faithfull out of hospital after 22 days of coronavirus care,"Fox>>News>>Flash>>top>>entertainment>>and>>celebrity>>headlines>>are>>here>>.>>Check>>out>>what's>>clicking>>today>>in>>entertainment>>.>>Get>>all>>the>>latest>>news>>on>>coronavirus>>and>>more>>delivered>>daily>>to>>your>>inbox>>.>>Sign>>up>>here>>.>>Marianne>>Faithfull>>has>>been>>discharged>>from>>the>>hospital>>after>>being>>treated>>for>>coronavirus>>.>>The>>73>>year>>old>>singer>>was>>hospitalized>>earlier>>this>>month>>and>>has>>now>>been>>released>>after>>22>>days>>of>>treatment>>,>>according>>to>>her>>spokesperson>>.>>"">>We>>are>>really>>happy>>to>>say>>that>>Marianne>>has>>been>>discharged>>from>>hospital>>today>>,>>22>>days>>after>>being>>admitted>>suffering>>from>>the>>symptoms>>of>>COVID>>19>>,>>"">>Faithfull's>>rep>>said>>in>>a>>written>>statement>>to>>Fox>>News>>.>>"">>She>>will>>continue>>to>>recuperate>>in>>London>>.>>"">>CELEBRITIES>>PROVIDE>>CORONAVIRUS>>PANDEMIC>>RELIEF>>WITH>>DONATIONS>>The>>statement>>went>>on>>to>>thank>>the>>singer's>>fans>>for>>their>>support>>throughout>>the>>ordeal>>.>>"">>She>>is>>also>>very>>grateful>>to>>all>>the>>NHS>>[>>National>>Health>>Service>>]>>staff>>who>>cared>>for>>her>>at>>the>>hospital>>and>>,>>without>>doubt>>,>>saved>>her>>life>>,>>"">>the>>statement>>concluded>>.>>'HAPPY>>DAYS'>>STAR>>MARION>>ROSS>>SHARES>>HOW>>QUARANTINE>>HAS>>CHANGED>>HER>>DAILY>>ROUTINE>>The>>same>>message>>was>>shared>>on>>Faithfull's>>social>>media>>pages>>.>>Faithfull>>is>>just>>one>>of>>many>>celebrities>>to>>have>>gotten>>coronavirus>>,>>having>>joined>>a>>list>>that>>included>>Tom>>Hanks>>,>>Rita>>Wilson>>,>>Idris>>Elba>>and>>more>>.>>Many>>of>>the>>celebrities>>who>>announced>>their>>coronavirus>>diagnoses>>have>>made>>recoveries>>including>>Hanks>>and>>Wilson>>,>>but>>others>>have>>not>>been>>so>>fortunate>>.",re-date,,,,,,,"68,70,94,96",22 days 22 days
Married mom not sorry for quarantine-busting tryst with Britain's 'Professor Lockdown': report,"Neil>>Ferguson>>ordered>>Brits>>to>>'stay>>home>>and>>save>>lives'>>reaction>>from>>former>>New>>York>>Times>>reporter>>Alex>>Berenson>>.>>Get>>all>>the>>latest>>news>>on>>coronavirus>>and>>more>>delivered>>daily>>to>>your>>inbox>>.>>Sign>>up>>here>>.>>The>>married>>woman>>who>>is>>at>>the>>center>>of>>a>>scandal>>involving>>one>>of>>Britain's>>key>>scientific>>coronavirus>>advisers>>doesn't>>believe>>she>>has>>done>>anything>>wrong>>because>>she>>considers>>both>>households>>to>>be>>one>>,>>according>>to>>reports>>.>>Matt>>Hancock>>,>>Britain's>>health>>secretary>>,>>admitted>>Wednesday>>he>>was>>left>>"">>speechless>>"">>after>>it>>emerged>>Neil>>Ferguson>>,>>whose>>model>>suggested>>250>>,>>000>>people>>could>>die>>in>>Britain>>from>>coronavirus>>without>>drastic>>action>>,>>broke>>lockdown>>rules>>to>>meet>>with>>his>>married>>mistress>>.>>Hancock>>said>>although>>Ferguson>>is>>a>>"">>very>>eminent>>and>>impressive>>scientist>>"">>,>>he>>"">>took>>the>>right>>decision>>"">>to>>resign>>.>>He>>told>>Sky>>News>>that>>the>>social>>distancing>>rules>>"">>are>>there>>for>>everyone>>,>>they>>are>>incredibly>>important>>and>>they>>are>>deadly>>serious>>.>>They>>are>>the>>means>>by>>which>>we>>have>>managed>>to>>get>>control>>of>>this>>virus>>.>>"">>CLICK>>HERE>>FOR>>FULL>>CORONAVIRUS>>COVERAGE>>Ferguson>>who>>was>>nicknamed>>"">>Professor>>Lockdown>>"">>amid>>the>>pandemic>>admitted>>he>>"">>made>>an>>error>>in>>judgment>>and>>took>>the>>wrong>>course>>of>>action>>"">>when>>he>>let>>the>>38>>year>>old>>woman>>to>>his>>home>>.>>"">>I>>deeply>>regret>>any>>undermining>>of>>the>>clear>>messages>>around>>the>>continued>>need>>for>>social>>distancing>>to>>control>>this>>devasting>>epidemic>>,>>"">>he>>told>>the>>Telegraph>>.>>The>>woman>>in>>question>>was>>identified>>by>>British>>media>>as>>Antonia>>Staats>>,>>38>>,>>a>>left>>wing>>campaigner>>and>>activist>>who>>has>>a>>history>>of>>criticizing>>Prime>>Minister>>Boris>>Johnson>>and>>Brexit>>on>>social>>media>>.>>UK>>SCIENTIST>>WHO>>PUSHED>>CORONAVIRUS>>RESTRICTIONS>>RESIGNS>>AFTER>>REPORTEDLY>>MEETING>>MARRIED>>LOVER>>According>>to>>the>>Telegraph>>,>>she>>traveled>>from>>the>>home>>that>>she>>shares>>with>>her>>husband>>and>>two>>children>>at>>least>>twice>>to>>visit>>Ferguson>>once>>on>>March>>30>>and>>a>>second>>time>>on>>April>>8>>.>>The>>newspaper>>said>>she>>made>>the>>second>>visit>>despite>>telling>>friends>>she>>suspected>>that>>her>>husband>>had>>COVID>>19>>symptoms>>.>>Staats>>,>>who>>declined>>to>>speak>>to>>the>>Telegraph>>,>>is>>said>>to>>be>>in>>an>>open>>marriage>>with>>her>>husband>>and>>that>>she>>does>>not>>believe>>her>>actions>>to>>break>>the>>lockdown>>are>>hypocritical>>because>>she>>considerers>>the>>households>>to>>be>>one>>.>>According>>to>>the>>Daily>>Mail>>,>>Staats>>said>>in>>a>>podcast>>the>>day>>after>>her>>first>>visit>>that>>the>>lockdown>>was>>putting>>a>>"">>strain>>"">>on>>her>>relationship>>with>>her>>husband>>.>>"">>I>>think>>it's>>also>>a>>strain>>on>>maybe>>strained>>has>>sounded>>too>>negative>>but>>it's>>an>>interesting>>relationship>>challenge>>,>>for>>Chris>>[>>her>>husband>>]>>and>>my>>relationship>>,>>"">>she>>said>>according>>to>>the>>Mail>>.>>The>>report>>says>>Staats>>grew>>up>>in>>Isny>>,>>south>>Germany>>,>>and>>went>>to>>university>>in>>Berlin>>before>>traveling>>to>>London>>in>>2003>>to>>earn>>a>>master's>>degree>>in>>Asian>>politics>>from>>the>>School>>of>>Oriental>>and>>African>>studies>>.>>Her>>husband>>,>>Chris>>,>>is>>said>>to>>work>>at>>the>>university>>.>>At>>one>>point>>,>>she>>worked>>for>>Avaaz>>,>>a>>U>>.>>S>>.>>based>>online>>network>>that>>promotes>>global>>activism>>on>>issues>>such>>as>>climate>>change>>,>>the>>Daily>>Mail>>reported>>.>>Photos>>of>>her>>uploaded>>to>>Flickr>>show>>her>>protesting>>outside>>then>>Prime>>Minister>>Thersa>>May's>>London>>office>>,>>10>>Downing>>Street>>in>>2017>>.>>In>>March>>,>>Ferguson>>said>>on>>Twitter>>he>>had>>tested>>positive>>for>>the>>virus>>.>>He>>said>>he>>developed>>a>>"">>slight>>dry>>but>>persistent>>cough>>"">>that>>later>>developed>>into>>a>>fever>>.>>He>>described>>it>>as>>"">>a>>strong>>experience>>to>>be>>infected>>by>>the>>virus>>one>>is>>modelling>>.>>"">>"">>Still>>feeling>>rough>>,>>but>>not>>awful>>,>>"">>he>>wrote>>at>>the>>time>>.>>SCOTLAND'S>>TOP>>MEDICAL>>OFFICIAL>>RESIGNS>>AFTER>>BEING>>CAUGHT>>BREAKING>>HER>>OWN>>CORONAVIRUS>>LOCKDOWN>>ADVICE>>London's>>Metropolitan>>Police>>,>>which>>has>>powers>>to>>act>>against>>those>>breaching>>lockdown>>restrictions>>,>>said>>in>>a>>statement>>to>>local>>media>>that>>Ferguson's>>actions>>were>>"">>plainly>>disappointing>>"">>but>>would>>not>>pursue>>the>>matter>>.>>Hancock>>had>>suggested>>that>>the>>police>>may>>get>>involved>>.>>"">>It>>is>>clear>>in>>this>>case>>that>>whilst>>this>>behavior>>is>>plainly>>disappointing>>,>>Professor>>Ferguson>>has>>accepted>>that>>he>>made>>an>>error>>of>>judgment>>and>>has>>taken>>responsibility>>for>>that>>,>>"">>a>>spokeswoman>>said>>.>>"">>We>>,>>therefore>>,>>do>>not>>intend>>to>>take>>any>>further>>action>>.>>"">>This>>is>>the>>second>>time>>a>>scientific>>adviser>>in>>the>>U>>.>>K>>.>>has>>quit>>after>>failing>>to>>follow>>their>>own>>advice>>.>>Catherine>>Calderwood>>resigned>>as>>Scotland's>>chief>>medical>>officer>>last>>month>>for>>twice>>traveling>>from>>Edinburgh>>to>>her>>second>>home>>.>>UK>>CORONAVIRUS>>DEATH>>TOLL>>APPEARS>>TO>>OVERTAKE>>ITALY>>TO>>BECOME>>HARDEST>>HIT>>COUNTRY>>IN>>EUROPE>>As>>one>>of>>the>>founders>>of>>the>>MRC>>Centre>>for>>Global>>Disease>>Analysis>>at>>Imperial>>College>>London>>,>>Ferguson's>>work>>has>>been>>instrumental>>in>>shaping>>public>>health>>responses>>to>>outbreaks>>including>>swine>>flu>>,>>Ebola>>,>>and>>Zika>>.>>Ferguson>>has>>long>>advised>>authorities>>including>>the>>World>>Health>>Organization>>and>>national>>governments>>in>>Britain>>,>>Europe>>,>>and>>the>>U>>.>>S>>.>>On>>March>>16>>,>>Ferguson>>and>>colleagues>>published>>a>>paper>>suggesting>>that>>even>>with>>some>>social>>distancing>>measures>>,>>the>>U>>.>>K>>.>>could>>see>>250>>,>>000>>coronavirus>>deaths>>and>>that>>the>>U>>.>>S>>.>>might>>have>>about>>1>>million>>deaths>>.>>In>>a>>worst>>case>>scenario>>,>>Ferguson>>predicted>>those>>figures>>could>>more>>than>>double>>in>>both>>countries>>.>>The>>following>>day>>,>>Johnson>>advised>>Britons>>to>>work>>from>>home>>if>>possible>>and>>to>>avoid>>all>>unnecessary>>social>>gatherings>>.>>TOP>>UK>>OFFICIAL>>SAYS>>CHINA>>HAS>>QUESTIONS>>TO>>ANSWER>>OVER>>CORONAVIRUS>>The>>U>>.>>K>>.>>is>>now>>considered>>the>>epicenter>>of>>the>>pandemic>>outbreak>>in>>Europe>>after>>its>>death>>toll>>surpassed>>that>>of>>Italy>>on>>Tuesday>>.>>Britain>>has>>recorded>>at>>least>>196>>,>>243>>positive>>coronavirus>>cases>>and>>at>>least>>29>>,>>501>>deaths>>,>>according>>to>>Johns>>Hopkins>>University>>.>>Figures>>by>>the>>Office>>for>>National>>Statistics>>released>>Monday>>puts>>that>>number>>past>>32>>,>>000>>if>>the>>death>>tolls>>in>>Scotland>>and>>Northern>>Ireland>>are>>included>>.>>These>>figures>>take>>into>>account>>if>>COVID>>19>>was>>mentioned>>on>>death>>certificates>>through>>April>>24>>.>>Johnson>>,>>who>>recovered>>from>>a>>bout>>with>>COVID>>19>>,>>is>>set>>to>>unveil>>the>>country's>>plan>>to>>ease>>lockdown>>restrictions>>later>>this>>week>>.>>Nonetheless>>,>>the>>government>>is>>reportedly>>set>>to>>drop>>its>>"">>Stay>>Home>>"">>message>>this>>weekend>>after>>the>>health>>ministry>>told>>local>>councils>>to>>prepare>>to>>remove>>the>>slogan>>from>>websites>>this>>weekend>>.>>An>>email>>from>>the>>government's>>communications>>hub>>leaked>>to>>the>>Daily>>Mail>>said>>"">>Please>>ensure>>that>>all>>Stay>>Home>>messaging>>is>>removed>>from>>websites>>,>>social>>media>>,>>and>>other>>available>>channels>>.>>"">>"">>As>>the>>PM>>is>>expected>>to>>set>>out>>a>>road>>map>>on>>how>>the>>UK>>will>>move>>out>>of>>the>>lockdown>>on>>Sunday>>,>>we>>anticipate>>that>>we>>will>>shortly>>transition>>to>>a>>new>>phase>>of>>the>>campaign>>,>>"">>it>>read>>.>>CLICK>>HERE>>TO>>GET>>THE>>FOX>>NEWS>>APP>>The>>prime>>minister's>>office>>declined>>to>>comment>>on>>the>>email>>however>>,>>in>>an>>appearance>>in>>Parliament>>on>>Wednesday>>,>>Johnson>>suggested>>that>>the>>country>>could>>"">>get>>going>>"">>with>>easing>>some>>lockdown>>measures>>starting>>next>>Monday>>.>>"">>We'll>>want>>if>>we>>possibly>>can>>to>>get>>going>>with>>some>>of>>these>>measures>>on>>Monday>>,>>"">>he>>told>>MPs>>in>>Parliament>>.>>"">>I>>think>>it>>would>>be>>a>>good>>thing>>if>>people>>had>>an>>idea>>of>>what's>>coming>>the>>following>>day>>.>>"">>Johnson>>did>>not>>spell>>out>>exactly>>how>>or>>which>>strict>>lockdown>>measures>>will>>be>>eased>>.",symptom,"109,110,496,497,498,500,506,507,510,511,553,556,591,592,594,597,793,796,821,822,827,828,834,835,841,842,895,896,897,898,901,904,925,928,990,991,993,994,1001,1004,1015,1016,1023,1024,1027,1028,1073,1074,1075,1077",Britain Isny south Germany Berlin London U . S London 10 Downing Street U . K Edinburgh UK ITALY EUROPE Britain Europe U . S U . K UK CHINA U . K Europe Italy Britain Scotland Northern Ireland,"86,87,342,344,349,351,512,513,598,599,906,908,1025,1026,1060,1061,1094,1096,1216,1217,1263,1264",Wednesday March 30 April 8 2003 2017 March 16 Tuesday Monday April 24 Sunday Wednesday,"621,626,632,633",slight dry but persistent cough fever,"1138,1140,1155,1157,1281,1283,1300,1301",this weekend this weekend next Monday Monday
"Maryland mandates 'universal testing' for all nursing home residents, staff","Maryland>>Governor>>Larry>>Hogan>>weighs>>in>>on>>White>>House>>guidelines>>to>>reopen>>the>>economy>>in>>phases>>.>>Get>>all>>the>>latest>>news>>on>>coronavirus>>and>>more>>delivered>>daily>>to>>your>>inbox>>.>>Sign>>up>>here>>.>>Maryland>>Gov>>.>>Larry>>Hogan>>announced>>Wednesday>>the>>state>>would>>implement>>"">>universal>>testing>>"">>for>>all>>nursing>>home>>residents>>and>>staff>>whether>>or>>not>>they>>show>>symptoms>>for>>the>>coronavirus>>.>>Hogan>>,>>a>>Republican>>,>>issued>>the>>executive>>order>>to>>target>>the>>"">>most>>acute>>outbreaks>>,>>clusters>>and>>hot>>spots>>of>>coronavirus>>,>>"">>he>>said>>in>>his>>daily>>COVID>>19>>press>>briefing>>.>>The>>governor>>tasked>>Col>>.>>Eric>>Alaly>>,>>the>>state>>surgeon>>of>>the>>Maryland>>National>>Guard>>,>>to>>enforce>>all>>safety>>rules>>at>>long>>term>>care>>facilities>>across>>the>>state>>.>>CLICK>>HERE>>FOR>>FULL>>CORONAVIRUS>>COVERAGE>>"">>We>>have>>been>>and>>will>>continue>>to>>take>>aggressive>>actions>>to>>address>>the>>spread>>of>>COVID>>19>>in>>Maryland>>nursing>>homes>>,>>"">>Hogan>>said>>at>>the>>press>>conference>>,>>according>>to>>WTOP>>.>>"">>Targeting>>and>>containing>>these>>outbreaks>>and>>clusters>>is>>critically>>important>>to>>our>>state's>>recovery>>efforts>>.>>"">>For>>the>>first>>time>>Monday>>,>>the>>Maryland>>Department>>of>>Health>>released>>data>>on>>COVID>>19>>outbreak>>at>>nursing>>homes>>across>>the>>state>>.>>"">>Clusters>>of>>cases>>"">>were>>recorded>>at>>278>>facilities>>.>>At>>least>>4>>,>>011>>confirmed>>cases>>about>>19>>percent>>of>>the>>total>>infections>>in>>the>>state>>were>>linked>>to>>nursing>>homes>>or>>long>>term>>care>>facilities>>.>>At>>least>>471>>coronavirus>>related>>deaths>>about>>48>>percent>>of>>all>>fatalities>>in>>the>>state>>were>>also>>tied>>to>>nursing>>homes>>.>>MARYLAND>>POLICE>>ISSUE>>'FINAL>>WARNING'>>FOR>>RESIDENT>>GETTING>>MAIL>>WITHOUT>>PANTS>>ON>>AMID>>CORONAVIRUS>>STAY>>AT>>HOME>>ORDER>>"">>With>>our>>expanded>>universal>>testing>>,>>we>>should>>expect>>to>>see>>the>>number>>of>>positive>>cases>>significantly>>rise>>among>>both>>nursing>>home>>residents>>and>>staff>>,>>"">>Hogan>>said>>.>>Under>>the>>executive>>order>>,>>"">>each>>resident>>is>>evaluated>>at>>least>>daily>>by>>a>>physician>>,>>physician's>>assistant>>,>>nurse>>practitioner>>,>>or>>registered>>nurse>>for>>symptoms>>suggesting>>possible>>COVID>>19>>infection>>.>>"">>Each>>facility>>is>>also>>required>>to>>"">>develop>>a>>surge>>staffing>>plan>>to>>ensure>>continuity>>of>>resident>>care>>in>>the>>event>>of>>a>>significant>>outbreak>>of>>COVID>>19>>among>>residents>>or>>staff>>.>>"">>It>>is>>mandatory>>for>>facilities>>to>>comply>>with>>"">>strike>>teams>>"">>deployed>>by>>the>>state>>department>>of>>health>>to>>respond>>to>>case>>clusters>>.>>These>>teams>>,>>consisting>>of>>members>>of>>the>>National>>Guard>>,>>health>>officials>>,>>doctors>>and>>nurses>>,>>were>>first>>created>>in>>early>>April>>and>>have>>since>>then>>"">>successfully>>responded>>to>>serious>>outbreaks>>and>>growing>>threats>>"">>in>>84>>facilities>>,>>Hogan>>said>>.>>CLICK>>HERE>>TO>>GET>>THE>>FOX>>NEWS>>APP>>The>>governor>>explained>>the>>state>>will>>also>>send>>"">>bridge>>teams>>"">>a>>team>>of>>one>>registered>>nurse>>and>>between>>five>>and>>seven>>aides>>equipped>>to>>care>>for>>up>>to>>100>>residents>>a>>shift>>to>>satisfy>>emergency>>nurse>>staffing>>needs>>at>>facilities>>in>>crisis>>.>>Maryland>>,>>as>>of>>Thursday>>,>>recorded>>at>>least>>20>>,>>849>>confirmed>>coronavirus>>cases>>,>>with>>at>>least>>985>>deaths>>,>>according>>to>>the>>state>>health>>department>>.>>At>>least>>1>>,>>610>>people>>remained>>hospitalized>>in>>the>>state>>Thursday>>with>>severe>>cases>>of>>COVID>>19>>.",location,"116,117,159,160,278,279,519,520",Maryland Maryland MARYLAND Maryland,"42,43,197,198,523,524,559,560",Wednesday Monday Thursday Thursday,,,"442,445",in early April
"Massachusetts boy, 7, survives coronavirus and cancer: 'It's been a long road'","Over>>20>>children>>with>>coronavirus>>have>>been>>hospitalized>>in>>Boston>>,>>Massachusetts>>amid>>a>>surge>>in>>cases>>Molly>>Line>>reports>>.>>Get>>all>>the>>latest>>news>>on>>coronavirus>>and>>more>>delivered>>daily>>to>>your>>inbox>>.>>Sign>>up>>here>>.>>A>>young>>Dedham>>,>>Mass>>.>>,>>boy>>who>>survived>>both>>cancer>>and>>a>>battle>>with>>the>>novel>>coronavirus>>received>>a>>warm>>welcome>>home>>late>>last>>month>>after>>he>>was>>released>>from>>Boston>>Children's>>Hospital>>,>>according>>to>>local>>reports>>.>>Gavin>>Brennan>>,>>7>>,>>watched>>from>>his>>driveway>>as>>the>>town>>held>>a>>so>>called>>"">>car>>parade>>"">>to>>celebrate>>his>>homecoming>>and>>his>>birthday>>.>>CLICK>>HERE>>FOR>>FOX>>NEWS'>>CONTINUING>>CORONAVIRUS>>COVERAGE>>"">>I>>feel>>good>>.>>And>>also>>I'm>>happy>>that>>I'm>>home>>,>>"">>Gavin>>told>>CBS>>Boston>>.>>Gavin>>began>>chemotherapy>>treatments>>in>>January>>after>>being>>diagnosed>>with>>lymphoma>>.>>In>>March>>,>>after>>his>>mother>>April>>began>>showing>>signs>>of>>the>>novel>>virus>>,>>Gavin>>,>>too>>,>>developed>>a>>fever>>.>>He>>was>>taken>>to>>the>>hospital>>where>>he>>reportedly>>tested>>positive>>for>>COVID>>19>>,>>though>>he>>only>>displayed>>mild>>symptoms>>.>>"">>Thank>>God>>my>>husband>>pushed>>and>>pushed>>and>>pushed>>for>>him>>to>>get>>a>>COVID>>test>>,>>"">>April>>told>>CBS>>Boston>>,>>noting>>the>>diagnosis>>was>>another>>"">>curveball>>"">>for>>the>>family>>.>>Following>>a>>two>>week>>quarantine>>,>>Gavin>>then>>developed>>pneumonia>>.>>He>>then>>tested>>positive>>for>>the>>novel>>virus>>a>>second>>time>>,>>Boston>>25>>News>>reported>>.>>"">>That>>was>>a>>father>>and>>mother's>>worst>>nightmare>>,>>to>>get>>two>>positive>>COVID>>tests>>,>>"">>April>>told>>CBS>>Boston>>.>>Thankfully>>,>>the>>7>>year>>old>>recovered>>and>>was>>able>>to>>finish>>his>>remaining>>chemotherapy>>treatments>>last>>week>>.>>KANSAS>>SEES>>CORONAVIRUS>>CASES>>AT>>MEAT>>PACKING>>PLANTS>>REPORT>>"">>We're>>really>>excited>>.>>It's>>been>>a>>long>>,>>tumultuous>>road>>here>>,>>but>>it's>>really>>good>>to>>be>>home>>and>>be>>on>>the>>backside>>of>>things>>,>>"">>said>>Tim>>Brennan>>,>>Gavin's>>father>>,>>to>>CBS>>Boston>>.>>"">>It's>>just>>going>>to>>be>>,>>"">>his>>mother>>said>>,>>"">>an>>exciting>>time>>to>>celebrate>>life>>.>>""",location,"9,10,11,12,72,73,299,300",Boston Massachusetts Boston KANSAS,"141,142,149,150",January March,"169,170,238,239",fever pneumonia,"296,298",last week
McDonald's releases Happy Meal box template,"Fox>>News>>Flash>>top>>headlines>>are>>here>>.>>Check>>out>>what's>>clicking>>on>>Foxnews>>.>>com>>.>>Get>>all>>the>>latest>>news>>on>>coronavirus>>and>>more>>delivered>>daily>>to>>your>>inbox>>.>>Sign>>up>>here>>.>>If>>you>>can't>>go>>to>>the>>happy>>meals>>,>>maybe>>it's>>time>>to>>bring>>the>>happy>>meals>>to>>you>>.>>With>>the>>coronavirus>>pandemic>>sparking>>restaurant>>closures>>,>>lockdowns>>and>>school>>closures>>across>>the>>country>>,>>many>>parents>>are>>finding>>themselves>>stuck>>at>>home>>with>>bored>>and>>restless>>children>>.>>Since>>even>>something>>as>>simple>>as>>going>>out>>to>>McDonald's>>is>>hard>>to>>do>>right>>now>>,>>the>>fast>>food>>company>>is>>helping>>out>>.>>Parents>>and>>any>>other>>fans>>of>>Happy>>Meals>>can>>go>>to>>the>>McDonald's>>website>>and>>download>>and>>print>>a>>template>>for>>building>>a>>Happy>>Meal>>box>>.>>The>>fast>>food>>chain's>>famous>>kids>>meals>>traditionally>>come>>in>>brightly>>colored>>red>>boxes>>,>>which>>parents>>can>>now>>build>>themselves>>and>>help>>make>>mealtime>>a>>little>>more>>exciting>>.>>MCDONALD'S>>DONATING>>1>>MILLION>>N95>>MASKS>>TO>>ILLINOIS>>Based>>on>>the>>template>>,>>it>>appears>>that>>the>>boxes>>require>>two>>pieces>>of>>thick>>paper>>,>>one>>to>>make>>the>>outside>>and>>another>>to>>make>>sure>>the>>inside>>colors>>are>>correct>>.>>Of>>course>>,>>the>>printout>>doesn't>>include>>a>>toy>>,>>which>>is>>normally>>included>>with>>a>>Happy>>Meal>>.>>For>>that>>,>>parents>>will>>either>>have>>to>>get>>creative>>or>>try>>to>>sneak>>in>>a>>toy>>that>>their>>kids>>already>>have>>and>>hope>>they>>don't>>recognize>>it>>.>>CLICK>>HERE>>TO>>GET>>THE>>FOX>>NEWS>>APP>>Like>>many>>companies>>,>>McDonald's>>has>>been>>severely>>impacted>>by>>the>>COVID>>19>>outbreak>>and>>has>>had>>to>>make>>many>>adjustments>>to>>its>>business>>.>>In>>early>>April>>,>>the>>fast>>food>>chain>>announced>>that>>it>>would>>be>>implementing>>"">>extra>>precautionary>>measures>>"">>to>>ensure>>restaurant>>workers>>are>>in>>good>>health>>at>>the>>start>>of>>each>>shift>>.>>In>>partnership>>with>>its>>independent>>franchisees>>,>>McDonald's>>confirmed>>that>>upon>>reporting>>for>>duty>>,>>employees>>will>>be>>asked>>if>>they>>have>>been>>diagnosed>>with>>or>>are>>exhibiting>>symptoms>>associated>>with>>COVID>>19>>,>>if>>they>>have>>been>>in>>close>>contact>>within>>the>>last>>two>>weeks>>with>>anyone>>infected>>with>>the>>viral>>disease>>and>>if>>they>>have>>been>>advised>>to>>self>>quarantine>>by>>a>>health>>care>>provider>>or>>public>>health>>official>>due>>to>>potential>>exposure>>to>>or>>suspected>>case>>of>>the>>novel>>coronavirus>>.>>Fox>>News'>>Janine>>Puhak>>contributed>>to>>this>>report>>.",date,"175,176",ILLINOIS,"292,293",April,,,,
"Michigan Gov. Whitmer extends stay-at-home order until May 28, but with exceptions","The>>Republican>>led>>state>>legislature>>says>>Democrat>>Gov>>.>>Gretchen>>Whitmer's>>executive>>order>>extends>>power>>she>>does>>not>>have>>Mike>>Tobin>>reports>>.>>Get>>all>>the>>latest>>news>>on>>coronavirus>>and>>more>>delivered>>daily>>to>>your>>inbox>>.>>Sign>>up>>here>>.>>Michigan>>Gov>>.>>Gretchen>>Whitmer>>on>>Thursday>>signed>>an>>executive>>order>>to>>extend>>the>>state's>>stay>>at>>home>>order>>through>>the>>end>>of>>May>>for>>nonessential>>workers>>while>>allowing>>for>>manufacturing>>workers>>to>>resume>>work>>next>>week>>.>>Whitmer's>>executive>>order>>comes>>a>>day>>after>>state>>lawmakers>>filed>>a>>lawsuit>>to>>compel>>her>>to>>reopen>>the>>economy>>following>>her>>extension>>of>>the>>state's>>coronavirus>>emergency>>declaration>>.>>The>>lawsuit>>capped>>off>>weeks>>of>>protests>>that>>featured>>armed>>demonstrators>>at>>the>>state>>Capitol>>.>>Despite>>frustration>>over>>an>>economy>>in>>freefall>>,>>the>>Democratic>>governor>>cautioned>>that>>Michigan>>is>>"">>not>>out>>of>>the>>woods>>yet>>,>>but>>this>>is>>an>>important>>step>>forward>>on>>our>>MI>>Safe>>Start>>plan>>to>>re>>engage>>our>>economy>>safely>>and>>responsibly>>.>>"">>"">>As>>we>>continue>>to>>phase>>in>>sectors>>of>>our>>economy>>,>>I>>will>>keep>>working>>around>>the>>clock>>to>>ensure>>our>>businesses>>adopt>>best>>practices>>to>>protect>>workers>>from>>the>>spread>>of>>COVID>>19>>,>>"">>she>>said>>.>>"">>When>>we>>all>>keep>>doing>>our>>part>>,>>we>>can>>reduce>>the>>risk>>of>>a>>second>>wave>>and>>re>>engage>>our>>economy>>safely>>and>>responsibly>>.>>"">>Under>>Thursday's>>extension>>Whitmer's>>fourth>>overall>>manufacturing>>facilities>>are>>required>>to>>implement>>safety>>measures>>that>>protect>>their>>workers>>from>>COVID>>19>>.>>Workers>>and>>all>>other>>personnel>>entering>>a>>manufacturing>>facility>>must>>have>>their>>temperature>>screened>>and>>answer>>questions>>regarding>>symptoms>>and>>exposure>>to>>people>>possibly>>carrying>>the>>virus>>.>>Facilities>>must>>establish>>dedicated>>entry>>points>>and>>prohibit>>all>>nonessential>>in>>person>>visits>>and>>tours>>.>>Among>>manufacturers>>allowed>>to>>resume>>work>>on>>Monday>>are>>Michigan's>>Big>>3>>auto>>companies>>.>>The>>order's>>extension>>through>>May>>28>>means>>that>>Michiganders>>cannot>>leave>>their>>home>>except>>"">>to>>run>>critical>>errands>>,>>to>>engage>>in>>safe>>outdoor>>activities>>or>>go>>to>>specified>>jobs>>.>>"">>All>>businesses>>must>>require>>their>>workers>>to>>wear>>masks>>when>>they>>cannot>>maintain>>at>>least>>6>>feet>>of>>separation>>.>>MICHIGAN>>BARBER>>TICKETED>>FOR>>DEFYING>>CORONAVIRUS>>LOCKDOWN>>SAYS>>HE'LL>>WORK>>UNTIL>>ARRESTED>>OR>>'JESUS>>WALKS>>IN'>>Whitmer>>drew>>national>>attention>>last>>month>>for>>enacting>>some>>of>>the>>strictest>>measures>>to>>prevent>>the>>spread>>of>>the>>novel>>coronavirus>>.>>Many>>protesters>>claimed>>that>>the>>governor>>overstepped>>her>>authority>>by>>temporarily>>banning>>most>>travel>>between>>homes>>,>>sales>>of>>items>>such>>as>>garden>>supplies>>and>>activities>>including>>some>>types>>of>>fishing>>.>>During>>a>>Saturday>>appearance>>on>>"">>Fox>>&>>Friends>>Weekend>>,>>"">>Michigan>>resident>>Jodie>>Brown>>said>>people>>across>>the>>state>>are>>increasingly>>frustrated>>by>>coronavirus>>lockdown>>orders>>executed>>by>>Whitmer>>.>>"">>We're>>asking>>our>>government>>to>>work>>together>>,>>"">>Brown>>said>>.>>"">>We>>elected>>these>>people>>to>>represent>>us>>so>>we>>can>>have>>representation>>.>>And>>,>>we>>are>>at>>a>>point>>where>>we>>can't>>continue>>to>>be>>locked>>down>>.>>.>>.>>.>>The>>information>>we>>are>>getting>>is>>very>>confusing>>.>>People>>are>>really>>suffering>>and>>it's>>time>>that>>we>>get>>back>>to>>work>>.>>"">>CLICK>>HERE>>TO>>GET>>THE>>FOX>>NEWS>>APP>>As>>of>>Thursday>>,>>Michigan>>has>>recorded>>at>>least>>45>>,>>646>>cases>>of>>the>>coronavirus>>with>>4>>,>>343>>deaths>>,>>according>>to>>the>>latest>>figures>>from>>the>>Johns>>Hopkins>>University>>.>>Fox>>News'>>Louis>>Casiano>>and>>Julia>>Musto>>contributed>>to>>this>>report>>.",date,"138,139,373,374,455,456,557,558",Michigan MICHIGAN Michigan Michigan,"48,49,65,66,240,241,312,313,324,326,445,446",Thursday May Thursday's Monday May 28 Saturday,,,"77,79,393,395",next week last month
Michigan Gov. Whitmer faces protest outside her home as lawmakers mull curbing her powers,"Protesters>>gathered>>outside>>the>>home>>of>>Michigan>>Gov>>.>>Gretchen>>Whitmer>>on>>Thursday>>the>>same>>day>>reports>>emerged>>that>>she>>plans>>to>>extend>>the>>state's>>coronavirus>>stay>>at>>home>>order>>by>>two>>weeks>>until>>May>>15>>.>>The>>demonstration>>,>>dubbed>>"">>Operation>>Queen's>>Castle>>,>>"">>featured>>an>>image>>of>>Whitmer>>wearing>>a>>crown>>,>>FOX>>2>>of>>Detroit>>reported>>.>>"">>We>>wanted>>to>>send>>Gretchen>>Whitmer>>a>>message>>,>>we>>didn't>>want>>to>>surrender>>our>>liberties>>just>>for>>a>>little>>temporary>>safety>>,>>"">>Brian>>Pannebecker>>,>>who>>helped>>organize>>the>>protest>>,>>told>>the>>station>>.>>WHITMER>>BACKTRACKS>>AFTER>>COVID>>19>>CONTRACT>>AWARDED>>TO>>DEM>>CONSULTANT>>WHO>>SAID>>TRUMP>>SHOULD>>'GET>>CORONAVIRUS>>ASAP'>>Meanwhile>>,>>the>>Michigan>>Legislature>>has>>scheduled>>a>>special>>session>>for>>Friday>>with>>the>>goal>>of>>creating>>an>>oversight>>committee>>to>>review>>Whitmer's>>coronavirus>>orders>>and>>possibly>>strip>>her>>of>>some>>of>>her>>powers>>,>>the>>Detroit>>Free>>Press>>reported>>.>>Critics>>have>>accused>>Whitmer>>,>>a>>48>>year>>old>>first>>term>>Democratic>>governor>>,>>of>>overstepping>>her>>authority>>with>>a>>series>>of>>measures>>intended>>to>>stem>>the>>spread>>of>>coronavirus>>in>>the>>state>>.>>April>>9>>revisions>>to>>her>>initial>>stay>>at>>home>>order>>included>>bans>>on>>visiting>>friends>>and>>relatives>>or>>traveling>>to>>vacation>>homes>>,>>and>>halts>>on>>sales>>of>>items>>such>>as>>furniture>>and>>gardening>>supplies>>.>>In>>a>>podcast>>interview>>,>>she>>also>>said>>abortions>>should>>continue>>in>>the>>state>>during>>the>>virus>>outbreak>>because>>the>>procedures>>were>>part>>of>>"">>life>>sustaining>>"">>health>>care>>for>>women>>.>>In>>addition>>,>>Whitmer>>came>>under>>fire>>after>>a>>no>>bid>>coronavirus>>related>>state>>contract>>was>>awarded>>to>>a>>firm>>operated>>by>>a>>well>>known>>Democratic>>consultant>>who>>had>>written>>that>>President>>Trump>>should>>"">>get>>coronavirus>>ASAP>>.>>"">>Whitmer's>>office>>later>>acknowleged>>that>>the>>contract>>was>>awarded>>without>>adhering>>to>>normal>>protocols>>.>>Michigan>>House>>Speaker>>Lee>>Chatfield>>,>>R>>Levering>>,>>explained>>the>>point>>of>>Friday's>>planned>>session>>in>>a>>Twitter>>message>>.>>"">>The>>House>>&>>Senate>>will>>convene>>tomorrow>>to>>create>>a>>special>>oversight>>committee>>on>>COVID>>19>>to>>examine>>our>>government's>>response>>,>>"">>he>>wrote>>.>>"">>Michigan>>needs>>to>>handle>>this>>pandemic>>seriously>>yet>>properly>>.>>It's>>what>>the>>people>>deserve>>,>>and>>we>>will>>see>>that>>it>>happens>>.>>"">>In>>another>>tweet>>,>>Chatfield>>noted>>that>>marijuana>>,>>lottery>>tickets>>and>>alcohol>>had>>been>>declared>>"">>essential>>,>>"">>while>>lawn>>care>>,>>construction>>and>>fishing>>in>>a>>motorized>>boat>>had>>been>>declared>>nonessential>>amid>>the>>outbreak>>.>>On>>Monday>>,>>Whitmer>>said>>she>>would>>take>>a>>10>>percent>>cut>>to>>her>>$>>159>>,>>300>>annual>>salary>>and>>her>>staffers>>would>>take>>cuts>>of>>5>>percent>>as>>the>>state>>grapples>>with>>the>>financial>>fallout>>of>>the>>coronavirus>>shutdowns>>.>>She>>also>>continued>>defending>>the>>orders>>she>>has>>issued>>.>>"">>I>>know>>it's>>not>>easy>>,>>but>>the>>price>>of>>losing>>loved>>ones>>is>>what's>>at>>stake>>,>>"">>she>>said>>,>>noting>>that>>many>>people>>who>>contract>>the>>virus>>show>>no>>symptoms>>but>>can>>still>>spread>>it>>.>>The>>theme>>of>>Thursday's>>protest>>in>>Lansing>>,>>the>>state's>>capital>>city>>,>>was>>that>>many>>Michiganders>>who>>are>>able>>to>>work>>should>>be>>able>>to>>do>>so>>,>>Pannebecker>>said>>.>>CLICK>>HERE>>FOR>>COMPLETE>>CORONAVIRUS>>COVERAGE>>"">>Younger>>people>>,>>healthy>>people>>,>>without>>putting>>anybody>>else>>in>>danger>>,>>including>>ourselves>>,>>and>>others>>in>>danger>>,>>should>>be>>able>>to>>go>>back>>to>>work>>,>>"">>Pannebecker>>told>>FOX>>2>>.>>The>>demonstration>>came>>eight>>days>>after>>a>>larger>>gathering>>outside>>the>>Statehouse>>called>>"">>Operation>>Gridlock>>.>>"">>As>>of>>late>>Thursday>>,>>Michigan>>had>>more>>than>>35>>,>>200>>confirmed>>cases>>of>>the>>virus>>and>>nearly>>3>>,>>000>>deaths>>,>>the>>Detroit>>News>>reported>>.",re-date,"6,7,120,121,316,317,365,366,527,528",Michigan Michigan Michigan Michigan Lansing,"12,13,34,36,128,129,192,194,329,330,430,431,524,525,617,618",Thursday May 15 Friday April 9 Friday's Monday Thursday's Thursday,,,"31,33,599,601",two weeks eight days
"Michigan Gov. Whitmer facing review of coronavirus orders, bid to curb her powers, report says","Good>>morning>>and>>welcome>>to>>Fox>>News>>First>>.>>Here's>>what>>you>>need>>to>>know>>as>>you>>start>>your>>day>>.>>.>>.>>Michigan>>Gov>>.>>Whitmer>>reportedly>>facing>>bid>>to>>curb>>her>>powers>>as>>protesters>>demonstrate>>outside>>her>>home>>Protesters>>gathered>>outside>>the>>home>>of>>Michigan>>Gov>>.>>Gretchen>>Whitmer>>on>>Thursday>>the>>same>>day>>reports>>emerged>>that>>she>>plans>>to>>extend>>the>>state's>>coronavirus>>stay>>at>>home>>order>>by>>two>>weeks>>until>>May>>15>>.>>The>>demonstration>>,>>dubbed>>"">>Operation>>Queen's>>Castle>>,>>"">>featured>>an>>image>>of>>Whitmer>>wearing>>a>>crown>>,>>FOX>>2>>of>>Detroit>>reported>>.>>Meanwhile>>,>>the>>Michigan>>Legislature>>has>>scheduled>>a>>special>>session>>for>>Friday>>with>>the>>goal>>of>>creating>>an>>oversight>>committee>>to>>review>>Whitmer's>>coronavirus>>orders>>and>>possibly>>strip>>her>>of>>some>>of>>her>>powers>>,>>the>>Detroit>>Free>>Press>>reported>>.>>Critics>>have>>accused>>Whitmer>>,>>a>>48>>year>>old>>first>>term>>Democratic>>governor>>,>>of>>overstepping>>her>>authority>>with>>a>>series>>of>>measures>>intended>>to>>stem>>the>>spread>>of>>coronavirus>>in>>the>>state>>.>>Click>>here>>for>>more>>on>>our>>top>>story>>.>>Other>>related>>developments>>To>>get>>all>>the>>latest>>news>>on>>coronavirus>>and>>more>>delivered>>daily>>to>>your>>inbox>>,>>sign>>up>>here>>.>>Click>>here>>for>>Fox>>News'>>full>>coverage>>of>>the>>coronavirus>>pandemic>>Texas>>county>>judge's>>coronavirus>>mask>>order>>faces>>court>>challenge>>,>>hundreds>>of>>protesters>>San>>Diego>>protesters>>say>>county>>overreaching>>on>>coronavirus>>restrictions>>sheriff>>threatens>>legal>>action>>Tucker>>Carlson>>slams>>coronavirus>>lockdowns>>as>>another>>blow>>to>>'the>>wrong>>people'>>in>>rural>>America>>Trump>>,>>health>>officials>>suggest>>coronavirus>>weakened>>by>>sunlight>>,>>humidity>>President>>Trump>>and>>public>>health>>officials>>argued>>Thursday>>that>>higher>>temperatures>>and>>humidity>>,>>as>>well>>as>>direct>>exposure>>to>>sunlight>>,>>quickly>>kills>>the>>coronavirus>>,>>leading>>to>>hopes>>that>>the>>threat>>of>>the>>contagion>>could>>drastically>>recede>>during>>the>>summer>>months>>.>>Bill>>Bryan>>,>>head>>of>>the>>science>>and>>technology>>directorate>>at>>the>>Department>>of>>Homeland>>Security>>,>>said>>solar>>light>>along>>with>>high>>temperatures>>and>>humidity>>have>>a>>"">>powerful>>effect>>"">>of>>creating>>environments>>less>>favorable>>for>>the>>virus>>to>>survive>>.>>A>>chart>>released>>by>>during>>the>>White>>House>>coronavirus>>task>>force>>news>>briefing>>by>>the>>DHS>>showed>>the>>novel>>coronavirus>>dies>>within>>two>>minutes>>in>>hot>>summer>>humidity>>while>>on>>surfaces>>and>>a>>minute>>and>>a>>half>>while>>in>>the>>air>>.>>Bryan>>,>>however>>,>>warned>>that>>the>>results>>from>>a>>DHS>>study>>were>>still>>in>>the>>nascent>>stages>>and>>cautioned>>Americans>>to>>continue>>practicing>>social>>distancing>>and>>other>>hygiene>>measures>>outlined>>by>>the>>federal>>government>>.>>Earlier>>Thursday>>,>>Vice>>President>>Mike>>Pence>>appeared>>hopeful>>the>>pandemic>>would>>begin>>to>>recede>>as>>summer>>approaches>>telling>>Fox>>News'>>Geraldo>>Rivera>>it>>could>>"">>largely>>"">>be>>"">>behind>>us>>"">>by>>Memorial>>Day>>Weekend>>.>>Click>>here>>for>>more>>.>>Other>>coronavirus>>developments>>FDA>>commissioner>>predicts>>coronavirus>>vaccine>>12>>months>>away>>Pompeo>>blasts>>China>>for>>causing>>'enormous>>amount>>of>>pain'>>and>>'loss>>of>>life'>>with>>coronavirus>>cover>>up>>China>>'open>>,>>transparent'>>about>>coronavirus>>,>>US>>can't>>'bully'>>Beijing>>,>>envoy>>to>>UK>>says>>CDC>>triples>>number>>of>>possible>>coronavirus>>symptoms>>The>>Centers>>for>>Disease>>Control>>and>>Prevention>>CDC>>has>>tripled>>the>>number>>of>>symptoms>>that>>could>>be>>indicators>>of>>coronavirus>>,>>including>>muscle>>pain>>,>>headache>>and>>new>>loss>>of>>taste>>or>>smell>>.>>The>>CDC>>previously>>listed>>three>>key>>symptoms>>as>>shortness>>of>>breath>>,>>fever>>and>>a>>cough>>.>>WGME>>TV>>of>>Portland>>,>>Maine>>,>>reported>>Thursday>>.>>The>>expanded>>list>>comes>>as>>researchers>>from>>around>>the>>world>>work>>to>>learn>>more>>about>>the>>deadly>>pandemic>>that>>has>>infected>>at>>least>>2>>.>>7>>million>>people>>worldwide>>and>>killed>>nearly>>200>>,>>000>>.>>The>>CDC>>still>>warns>>that>>older>>adults>>and>>those>>with>>underlying>>medical>>conditions>>continue>>to>>be>>at>>higher>>risk>>for>>serious>>complications>>from>>the>>virus>>.>>Its>>website>>says>>fever>>,>>cough>>,>>shortness>>of>>breath>>,>>chills>>,>>repeated>>shaking>>,>>muscle>>pain>>,>>headache>>,>>sore>>throat>>and>>new>>loss>>of>>taste>>or>>smell>>could>>all>>be>>symptoms>>that>>appear>>between>>two>>and>>14>>days>>after>>exposure>>.>>Click>>here>>for>>more>>.>>An>>economic>>panel>>on>>"">>Special>>Report>>"">>takes>>a>>closer>>look>>at>>challenges>>to>>restarting>>the>>U>>.>>S>>.>>economy>>following>>the>>shutdown>>during>>the>>coronavirus>>pandemic>>.>>Not>>signed>>up>>yet>>for>>Fox>>News>>First>>?>>Click>>here>>to>>find>>out>>what>>you're>>missing>>.",location,"23,24,46,47,99,100,105,106,220,222,233,235,493,494,508,509,515,516,518,519,522,523,585,586,587,588,720,724",Michigan Michigan Detroit Michigan Texas county San Diego China China US Beijing UK Portland Maine U . S .,"52,53,74,76,279,280,438,439,590,591",Thursday May 15 Thursday Thursday Thursday,"553,555,556,557,559,564,573,576,577,578,580,581,657,658,659,660,661,664,665,666,667,669,670,672,673,674,675,677,679,684",muscle pain headache loss of taste or smell shortness of breath fever cough fever cough shortness of breath chills repeated shaking muscle pain headache sore throat loss of taste or smell,"71,73,381,383,488,490,691,695",two weeks two minutes 12 months two and 14 days
"Michigan Gov. Whitmer says she'll cut pay for herself, staffers during coronavirus crisis","Chris>>Welton>>,>>John>>Darin>>Jr>>.>>,>>and>>Attorney>>John>>Bursch>>join>>'Fox>>and>>Friends>>.>>'>>Get>>all>>the>>latest>>news>>on>>coronavirus>>and>>more>>delivered>>daily>>to>>your>>inbox>>.>>Sign>>up>>here>>.>>Michigan>>Gov>>.>>Gretchen>>Whitmer>>has>>announced>>pay>>cuts>>for>>herself>>and>>her>>senior>>staff>>during>>the>>coronavirus>>crisis>>.>>She>>will>>take>>10>>percent>>less>>pay>>herself>>and>>ask>>her>>staffers>>to>>take>>a>>5>>percent>>pay>>cut>>,>>she>>said>>during>>a>>news>>briefing>>Monday>>.>>Whitmer's>>salary>>was>>$>>159>>,>>300>>in>>2019>>,>>according>>to>>the>>Council>>of>>State>>Governments'>>Book>>of>>the>>States>>.>>GRETCHEN>>WHITMER>>5>>THINGS>>TO>>KNOW>>ABOUT>>BIDEN'S>>POSSIBLE>>RUNNING>>MATE>>The>>move>>came>>as>>she>>said>>she>>wanted>>to>>lead>>by>>example>>and>>defended>>her>>statewide>>stay>>at>>home>>order>>,>>which>>has>>drawn>>the>>ire>>of>>protesters>>demanding>>she>>reopen>>the>>economy>>.>>"">>I>>know>>it's>>not>>easy>>,>>but>>the>>price>>of>>losing>>loved>>ones>>is>>what's>>at>>stake>>,>>"">>she>>said>>,>>noting>>that>>many>>people>>who>>contract>>the>>virus>>show>>no>>symptoms>>but>>can>>still>>spread>>it>>.>>CLICK>>HERE>>FOR>>FULL>>CORONAVIRUS>>COVERAGE>>She>>invoked>>President>>Trump's>>comparison>>of>>the>>fight>>against>>COVID>>19>>to>>war>>against>>an>>invisible>>enemy>>and>>urged>>Michigan>>residents>>to>>put>>aside>>their>>political>>differences>>and>>focus>>on>>overcoming>>the>>outbreak>>.>>The>>state's>>stay>>at>>home>>order>>is>>scheduled>>to>>expire>>on>>April>>30>>,>>but>>Whitmer>>will>>decide>>whether>>that>>my>>change>>in>>the>>next>>10>>days>>,>>Fox>>2>>Detroit>>reported>>.>>CLICK>>HERE>>FOR>>THE>>FOX>>NEWS>>APP>>Michigan>>had>>seen>>32>>,>>000>>confirmed>>coronavirus>>cases>>as>>of>>Tuesday>>afternoon>>,>>with>>at>>least>>2>>,>>468>>deaths>>,>>according>>to>>Johns>>Hopkins>>University>>.>>Those>>numbers>>mean>>the>>state>>had>>the>>sixth>>most>>cases>>in>>the>>U>>.>>S>>.>>but>>the>>third>>most>>deaths>>.>>Countrywide>>,>>there>>were>>more>>than>>800>>,>>000>>cases>>and>>over>>43>>,>>000>>deaths>>as>>of>>Tuesday>>afternoon>>.",location,"37,38,217,218,262,263,272,273,311,315",Michigan Michigan Detroit Michigan the U . S,"83,84,243,245,283,285,340,342",Monday April 30 Tuesday afternoon Tuesday afternoon,,,"256,259",next 10 days
Michigan doctor charged with fraud after allegedly touting vitamin C infusions as coronavirus treatment,"The>>nation's>>economy>>could>>begin>>showing>>signs>>of>>life>>as>>some>>states>>signal>>they>>are>>open>>for>>business>>to>>a>>certain>>extent>>Fox>>News>>correspondent>>Jonathan>>Serrie>>reports>>.>>Get>>all>>the>>latest>>news>>on>>coronavirus>>and>>more>>delivered>>daily>>to>>your>>inbox>>.>>Sign>>up>>here>>.>>A>>Michigan>>doctor>>has>>been>>charged>>with>>fraud>>after>>allegedly>>submitting>>false>>claims>>to>>Medicare>>for>>vitamin>>C>>infusions>>that>>he>>touted>>as>>coronavirus>>treatment>>and>>prevention>>,>>prosecutors>>announced>>Tuesday>>.>>Dr>>.>>Charles>>Mok>>,>>56>>,>>is>>charged>>with>>health>>care>>fraud>>and>>conspiracy>>to>>commit>>health>>care>>fraud>>,>>according>>to>>a>>47>>page>>complaint>>.>>The>>complaint>>says>>that>>Mok>>operated>>Allure>>Medical>>Spa>>primarily>>out>>of>>Shelby>>Township>>.>>Allure>>operates>>26>>outpatients>>in>>eight>>different>>states>>,>>with>>a>>least>>six>>clinics>>in>>Michigan>>.>>According>>to>>the>>complaint>>,>>Mok>>defrauded>>Medicare>>before>>and>>during>>the>>coronavirus>>pandemic>>by>>submitting>>claims>>for>>injections>>that>>were>>either>>never>>rendered>>or>>unnecessary>>.>>Many>>of>>the>>high>>dose>>intravenous>>vitamin>>C>>infusions>>were>>given>>to>>patients>>at>>risk>>of>>contracting>>COVID>>19>>or>>those>>who>>had>>already>>contracted>>it>>,>>the>>complaint>>alleges>>.>>CORONAVIRUS>>'FRAUD>>DOMAIN'>>SEIZED>>AFTER>>SUSPECT>>TRIED>>SELLING>>IT>>FOR>>BITCOIN>>,>>FEDS>>SAY>>Mok>>claimed>>in>>multiple>>launch>>videos>>that>>vitamin>>C>>infusions>>supposedly>>reduce>>the>>severity>>of>>symptoms>>,>>duration>>of>>illness>>and>>increases>>the>>immunity>>system>>of>>those>>who>>have>>a>>high>>risk>>for>>contracting>>COVID>>19>>.>>The>>U>>.>>S>>Food>>and>>Drug>>Administration>>FDA>>has>>approved>>no>>vaccines>>or>>drugs>>to>>treat>>COVID>>19>>.>>"">>Dr>>.>>Mok>>is>>charged>>with>>exploiting>>the>>current>>pandemic>>to>>defraud>>the>>Medicare>>program>>,>>and>>putting>>the>>safety>>and>>health>>of>>his>>patients>>at>>risk>>in>>doing>>so>>.>>These>>are>>serious>>allegations>>,>>and>>my>>office>>is>>committed>>to>>prosecuting>>any>>medical>>professional>>who>>attempts>>to>>use>>the>>Covid>>19>>crisis>>to>>defraud>>patients>>or>>insurers>>,>>"">>U>>.>>S>>.>>Attorney>>Matthew>>Schneider>>stated>>.>>CLICK>>HERE>>TO>>GET>>THE>>FOX>>NEWS>>APP>>Mok>>made>>his>>initial>>court>>appearance>>Tuesday>>afternoon>>.>>His>>attorney>>,>>Mark>>Kriger>>,>>could>>not>>be>>reached>>for>>comment>>.",date,"49,50,120,122,138,139",Michigan Shelby Township Michigan,"354,356",Tuesday afternoon,,,,
"Michigan girl, 5, daughter of first responders, dies from coronavirus: report","The>>Gorno>>family>>creates>>inspiring>>driveway>>chalk>>art>>to>>thank>>workers>>who>>continue>>to>>serve>>the>>community>>during>>the>>coronavirus>>pandemic>>.>>Get>>all>>the>>latest>>news>>on>>coronavirus>>and>>more>>delivered>>daily>>to>>your>>inbox>>.>>Sign>>up>>here>>.>>A>>5>>year>>old>>Michigan>>girl>>,>>the>>daughter>>of>>two>>first>>responders>>,>>has>>become>>the>>first>>child>>to>>die>>from>>COVID>>19>>in>>the>>state>>on>>Sunday>>.>>Skylar>>Herbert>>tested>>positive>>for>>the>>coronavirus>>back>>in>>March>>and>>later>>developed>>meningoencephalitis>>,>>a>>rare>>complication>>of>>the>>coronavirus>>,>>her>>parents>>said>>.>>She>>spent>>two>>weeks>>on>>a>>ventilator>>before>>being>>taken>>off>>on>>Sunday>>.>>MICHIGAN>>REP>>.>>KILDEE>>DEFENDS>>WHITMER'S>>CORONAVIRUS>>STAY>>AT>>HOME>>ORDERS>>AMID>>PROTESTS>>'I'M>>WITH>>THE>>GOVERNOR'>>"">>We>>decided>>to>>take>>her>>off>>the>>ventilator>>today>>because>>her>>improvement>>had>>stopped>>,>>the>>doctors>>told>>us>>that>>it>>was>>possible>>she>>was>>brain>>dead>>,>>and>>we>>basically>>just>>knew>>she>>wasn't>>coming>>back>>to>>us>>,>>"">>said>>LaVondria>>Herbert>>,>>Skylar's>>mother>>,>>on>>Sunday>>,>>according>>to>>The>>Detroit>>News>>.>>She>>was>>originally>>released>>from>>Beaumont>>Hospital>>,>>Royal>>Oak>>,>>a>>day>>after>>testing>>positive>>,>>as>>her>>symptoms>>which>>included>>a>>fever>>were>>believed>>to>>be>>mild>>.>>The>>family>>went>>back>>to>>the>>hospital>>after>>her>>father>>,>>Ebbie>>Herbert>>,>>46>>,>>developed>>a>>cough>>and>>shortness>>of>>breath>>,>>the>>paper>>reported>>.>>As>>Skylar>>and>>her>>mother>>waited>>in>>the>>car>>,>>the>>5>>year>>old>>had>>a>>seizure>>.>>"">>[>>I>>told>>her>>]>>Skylar>>,>>look>>at>>your>>daddy>>,>>Skylar>>,>>look>>at>>your>>daddy>>,>>"">>said>>her>>father>>.>>"">>She>>came>>out>>of>>the>>seizure>>and>>me>>and>>her>>mother>>ran>>back>>into>>the>>emergency>>room>>.>>"">>Skylar>>was>>then>>admitted>>to>>the>>pediatric>>ICU>>at>>the>>hospital>>located>>in>>a>>northern>>suburb>>of>>Detroit>>,>>Mich>>.>>,>>where>>she>>was>>given>>a>>lumbar>>puncture>>and>>the>>family>>learned>>of>>her>>meningitis>>condition>>.>>The>>Beaumont>>Health>>System>>,>>which>>has>>seen>>6>>,>>678>>COVID>>19>>patients>>as>>of>>Sunday>>,>>confirmed>>her>>death>>in>>a>>statement>>.>>MICHIGAN>>BUSINESSES>>SUE>>WHITMER>>OVER>>EXECUTIVE>>ORDER>>AMID>>CORONAVIRUS>>CRISIS>>'WHAT>>WE>>NEED>>IS>>A>>DOSE>>OF>>COMMON>>SENSE'>>Skylar's>>family>>said>>they>>have>>no>>idea>>how>>she>>contracted>>the>>virus>>,>>adding>>that>>she>>had>>been>>in>>the>>house>>for>>weeks>>and>>had>>no>>previous>>health>>issues>>,>>the>>paper>>added>>.>>Her>>father>>,>>Ebbie>>,>>has>>been>>a>>Detroit>>firefighter>>for>>18>>years>>,>>while>>her>>mother>>LaVondria>>has>>worked>>as>>a>>police>>officer>>in>>the>>city>>for>>25>>years>>.>>"">>She>>was>>the>>type>>of>>girl>>that>>would>>just>>run>>up>>to>>you>>and>>jump>>in>>your>>arms>>and>>hug>>you>>,>>"">>LaVondria>>said>>,>>according>>to>>The>>Detroit>>News>>.>>The>>family>>added>>that>>they>>support>>Gov>>.>>Gretchen>>Whitmer's>>"">>Stay>>Home>>,>>Stay>>Safe>>"">>order>>she>>issued>>back>>in>>March>>which>>has>>since>>prompted>>protests>>in>>the>>state>>.>>"">>I>>want>>to>>say>>thank>>you>>to>>the>>governor>>for>>making>>people>>go>>home>>,>>"">>LaVondria>>said>>,>>according>>to>>the>>paper>>.>>CLICK>>HERE>>FOR>>MORE>>CORONAVIRUS>>COVERAGE>>Michigan>>has>>seen>>more>>than>>31>>,>>424>>confirmed>>COVID>>19>>cases>>and>>at>>least>>2>>,>>391>>deaths>>as>>of>>early>>Monday>>,>>according>>to>>data>>from>>Johns>>Hopkins>>.",date,"69,70,111,112,324,325,326,327,370,371,431,432,550,551",Sunday MICHIGAN Detroit Mich MICHIGAN Detroit Michigan,"69,70,79,81,109,110,178,179,361,362,509,510,572,573",Sunday in March Sunday Sunday Sunday March Monday,"209,210,234,235,236,239",fever cough shortness of breath,"99,101",two weeks
"Minnesota doctor questions coronavirus death toll, claims 'influenza deaths ... have been called COVID-19'","Get>>all>>the>>latest>>news>>on>>coronavirus>>and>>more>>delivered>>daily>>to>>your>>inbox>>.>>Sign>>up>>here>>.>>Dr>>.>>Scott>>Jensen>>,>>a>>Minnesota>>family>>physician>>and>>Republican>>state>>senator>>,>>told>>"">>The>>Ingraham>>Angle>>"">>Tuesday>>that>>the>>Centers>>for>>Disease>>Control>>and>>Prevention>>CDC>>guidelines>>for>>doctors>>to>>certify>>whether>>a>>patient>>has>>died>>of>>coronavirus>>are>>a>>"">>mess>>"">>and>>predicted>>that>>some>>fatalities>>initially>>reported>>to>>be>>COVID>>19>>related>>would>>be>>reclassified>>.>>"">>We>>both>>know>>,>>"">>Jensen>>told>>host>>Laura>>Ingraham>>,>>"">>that>>there>>have>>been>>influenza>>deaths>>,>>influenza>>cases>>,>>that>>have>>been>>called>>COVID>>19>>[>>deaths>>]>>because>>nobody>>bothered>>to>>swab>>their>>throats>>.>>If>>you>>want>>to>>find>>out>>what>>the>>data>>is>>,>>I>>don't>>care>>if>>they're>>dead>>or>>alive>>,>>swab>>them>>.>>We>>can>>always>>run>>a>>test>>later>>and>>then>>actually>>get>>real>>information>>.>>"">>Earlier>>this>>month>>,>>Jensen>>told>>Ingraham>>that>>under>>the>>CDC>>guidelines>>,>>a>>patient>>who>>died>>after>>being>>hit>>by>>a>>bus>>and>>tested>>positive>>for>>coronavirus>>would>>be>>listed>>as>>having>>presumed>>to>>have>>died>>from>>the>>virus>>regardless>>of>>whatever>>damage>>was>>caused>>by>>the>>bus>>.>>CLICK>>HERE>>FOR>>COMPLETE>>CORONAVIRUS>>COVERAGE>>Jensen>>also>>gave>>a>>hypothetical>>example>>of>>a>>patient>>who>>died>>while>>suffering>>from>>influenza>>.>>If>>the>>patient>>was>>elderly>>and>>had>>symptoms>>like>>fever>>and>>cough>>a>>few>>days>>before>>passing>>away>>,>>the>>doctor>>explained>>,>>he>>would>>have>>listed>>"">>respiratory>>arrest>>"">>as>>the>>primary>>cause>>of>>death>>.>>"">>There's>>been>>so>>much>>garbage>>going>>in>>that>>we>>are>>going>>to>>get>>garbage>>out>>,>>"">>Jensen>>said>>Tuesday>>.>>"">>Three>>weeks>>ago>>,>>you>>and>>I>>talked>>about>>this>>and>>we've>>seen>>since>>then>>,>>[>>in>>]>>Pennsylvania>>,>>the>>coroners>>have>>pushed>>back>>and>>said>>'These>>aren't>>COVID>>19>>deaths>>,>>'>>and>>Pennsylvania>>reduces>>its>>numbers>>.>>"">>New>>York>>says>>it's>>going>>to>>come>>out>>and>>add>>3>>,>>700>>[>>coronavirus>>deaths>>]>>in>>a>>day>>,>>"">>Jensen>>continued>>.>>"">>The>>Illinois>>public>>health>>director>>tried>>to>>define>>what>>a>>COVID>>19>>death>>looks>>like>>and>>stumbled>>all>>over>>herself>>made>>it>>very>>clear>>didn't>>she>>have>>a>>clue>>.>>DOCTOR>>BLASTS>>'RIDICULOUS'>>CDC>>CORONAVIRUS>>DEATH>>GUIDELINES>>"">>We've>>got>>people>>.>>.>>.>>in>>the>>southeastern>>part>>of>>the>>country>>saying>>they>>want>>accountability>>,>>we've>>got>>California>>and>>Minnesota>>saying>>'We're>>going>>to>>count>>only>>confirmed>>cases'>>.>>.>>.>>so>>it's>>a>>mess>>,>>"">>Jensen>>said>>.>>New>>data>>published>>this>>week>>by>>the>>University>>of>>Washington's>>Institute>>for>>Health>>Metrics>>and>>Evaluation>>IHME>>projected>>more>>than>>than>>74>>,>>000>>coronavirus>>related>>deaths>>in>>the>>United>>States>>by>>Aug>>.>>4>>,>>an>>increase>>of>>nearly>>6>>,>>000>>projected>>deaths>>from>>its>>latest>>report>>.>>Fox>>News'>>Charles>>Creitz>>contributed>>to>>this>>report>>.",re-date,"25,26,312,313,329,330,335,337,362,363,419,420,421,422,471,473",Minnesota Pennsylvania Pennsylvania New York Illinois California Minnesota United States,"39,40,290,291,474,477",Tuesday Tuesday Aug . 4,"241,242,243,244",fever cough,"160,163,293,296,445,447",Earlier this month Three weeks ago this week
"Minor leaguers, college players get creative to stay ready","Fox>>News>>Flash>>top>>headlines>>are>>here>>.>>Check>>out>>what's>>clicking>>on>>Foxnews>>.>>com>>.>>Andre>>Nnebe>>hollers>>over>>the>>breeze>>coming>>off>>the>>bay>>behind>>home>>plate>>and>>announces>>to>>the>>group>>,>>"">>First>>pitch>>,>>2>>10>>!>>"">>The>>Milwaukee>>Brewers>>minor>>leaguer>>thanks>>college>>catcher>>Eamonn>>Lance>>for>>showing>>up>>because>>now>>there>>can>>be>>live>>batting>>practice>>,>>something>>Nnebe>>hasn't>>done>>since>>the>>coronavirus>>put>>a>>sudden>>halt>>on>>sports>>.>>"">>You>>saved>>the>>day>>,>>"">>Nnebe>>tells>>Lance>>.>>CLICK>>HERE>>FOR>>MORE>>SPORTS>>COVERAGE>>ON>>FOXNEWS>>.>>COM>>For>>this>>informal>>simulated>>game>>last>>week>>at>>a>>noted>>high>>school>>field>>,>>the>>catcher>>isn't>>the>>only>>player>>wearing>>a>>mask>>.>>Nnebe>>stands>>in>>wearing>>a>>protective>>face>>covering>>,>>and>>same>>with>>the>>guy>>waiting>>in>>the>>on>>deck>>circle>>.>>Nnebe>>and>>thousands>>more>>players>>like>>him>>are>>trying>>any>>way>>they>>can>>to>>stay>>ready>>amidst>>the>>uncertainty>>of>>whether>>there>>will>>even>>be>>a>>big>>league>>baseball>>season>>,>>let>>alone>>anything>>for>>the>>game's>>lower>>levels>>.>>They>>are>>trying>>to>>prepare>>while>>social>>distancing>>from>>6>>feet>>apart>>and>>without>>drawing>>a>>crowd>>as>>California>>is>>under>>a>>shelter>>in>>place>>order>>.>>For>>now>>,>>for>>90>>minutes>>anyway>>,>>Nnebe>>and>>seven>>others>>are>>in>>their>>element>>again>>,>>albeit>>far>>different>>than>>just>>six>>weeks>>ago>>.>>They>>relish>>talking>>everything>>baseball>>the>>draft>>,>>how>>the>>ball>>is>>carrying>>,>>the>>future>>.>>Hearing>>that>>familiar>>crack>>of>>the>>bat>>is>>both>>refreshing>>and>>energizing>>,>>briefly>>taking>>the>>players'>>minds>>off>>the>>pressures>>and>>all>>that>>is>>going>>on>>in>>the>>world>>.>>They>>got>>a>>tip>>that>>the>>gates>>of>>Encinal>>High>>School's>>famous>>Willie>>Stargell>>Field>>were>>open>>,>>and>>decided>>to>>give>>it>>a>>try>>.>>"">>This>>is>>the>>closest>>thing>>to>>a>>game>>,>>"">>says>>University>>of>>California>>senior>>pitcher>>Jack>>Delmore>>,>>from>>Alameda>>.>>"">>I>>haven't>>been>>excited>>in>>a>>while>>.>>"">>Three>>Canadian>>geese>>stand>>in>>as>>infielders>>,>>playing>>the>>shift>>,>>no>>less>>.>>Dozens>>more>>continuously>>honk>>from>>beyond>>left>>field>>,>>next>>to>>a>>dirt>>track>>that>>has>>been>>closed>>because>>of>>COVID>>19>>,>>providing>>an>>impromptu>>rooting>>section>>.>>Multiple>>resistance>>bands>>hang>>from>>the>>chain>>link>>fence>>,>>cell>>phones>>perched>>on>>tripods>>outside>>the>>batter's>>box>>to>>capture>>video>>.>>After>>Nnebe's>>first>>round>>of>>swings>>,>>Joey>>Wagman>>walks>>out>>to>>offer>>a>>squirt>>of>>hand>>sanitizer>>to>>Lance>>.>>No>>high>>fives>>.>>No>>handshakes>>.>>The>>new>>norm>>.>>Wagman>>previously>>pitched>>in>>Oakland's>>farm>>system>>,>>then>>spent>>the>>past>>two>>years>>in>>independent>>ball>>.>>The>>right>>hander>>had>>been>>set>>to>>play>>for>>Israel>>in>>the>>Olympics>>this>>summer>>.>>"">>Need>>a>>little>>break>>?>>"">>Nnebe>>asks>>Lance>>at>>one>>point>>.>>"">>Let's>>keep>>rolling>>,>>"">>the>>Santa>>Clara>>catcher>>replies>>.>>It's>>back>>to>>work>>.>>Wagman>>shoots>>video>>as>>Delmore>>pitches>>.>>Soon>>,>>it's>>Wagman's>>turn>>on>>the>>mound>>.>>He>>has>>a>>little>>fun>>with>>the>>hitters>>"">>Just>>so>>you>>know>>,>>I>>don't>>throw>>a>>cutter>>.>>That's>>a>>four>>seam>>.>>"">>"">>I>>feel>>bad>>to>>be>>a>>pitcher>>today>>.>>If>>it>>gets>>in>>the>>air>>it's>>going>>50>>feet>>further>>than>>it>>should>>,>>"">>declares>>Nick>>Adgar>>,>>a>>free>>agent>>outfielder>>who>>had>>his>>senior>>season>>at>>Menlo>>College>>interrupted>>.>>Adgar>>plans>>to>>play>>in>>the>>Mexican>>League>>,>>where>>big>>league>>veterans>>Rajai>>Davis>>and>>Bartolo>>Coln>>were>>set>>to>>be>>this>>year>>.>>A>>day>>after>>this>>workout>>last>>Friday>>,>>Adgar>>and>>Wagman>>hopped>>a>>fence>>at>>Lincoln>>Middle>>School>>across>>town>>for>>more>>hitting>>work>>.>>They>>always>>have>>an>>eye>>out>>for>>available>>fields>>.>>The>>virus>>outbreak>>has>>forced>>athletes>>to>>get>>creative>>.>>For>>most>>people>>,>>the>>new>>coronavirus>>causes>>mild>>or>>moderate>>symptoms>>,>>such>>as>>fever>>and>>cough>>that>>clear>>up>>in>>two>>to>>three>>weeks>>.>>Older>>adults>>and>>people>>with>>existing>>health>>problems>>can>>experience>>severe>>illness>>,>>including>>pneumonia>>and>>death>>.>>"">>It's>>just>>crazy>>,>>"">>Adgar>>says>>.>>"">>It's>>the>>same>>thing>>every>>day>>so>>it's>>stay>>ready>>for>>a>>date>>we>>don't>>really>>know>>when>>.>>We>>should>>be>>playing>>games>>right>>now>>.>>With>>the>>uncertainty>>,>>we>>have>>to>>stay>>as>>ready>>as>>we>>can>>.>>"">>At>>6>>feet>>6>>1>>2>>and>>240>>pounds>>,>>Nnebe>>hears>>people>>compare>>his>>frame>>to>>that>>of>>New>>York>>Yankees>>slugger>>Aaron>>Judge>>,>>a>>star>>from>>California's>>Central>>Valley>>.>>Nnebe>>,>>out>>of>>Santa>>Clara>>University>>,>>began>>his>>pro>>career>>last>>year>>and>>hit>>four>>home>>runs>>over>>34>>games>>in>>rookie>>ball>>for>>the>>Brewers>>.>>Nnebe>>and>>University>>of>>Washington>>right>>hander>>Leo>>Nierenberg>>,>>both>>from>>Oakland>>,>>played>>catch>>at>>Lincoln>>Middle>>School>>last>>week>>,>>too>>.>>To>>get>>his>>swings>>in>>,>>Nnebe>>built>>a>>batting>>cage>>in>>the>>backyard>>at>>his>>house>>and>>ordered>>some>>basic>>gym>>equipment>>.>>"">>We've>>been>>going>>to>>different>>spots>>.>>With>>everything>>going>>on>>,>>I>>think>>no>>one>>really>>knows>>what's>>going>>to>>happen>>,>>"">>Nnebe>>says>>.>>"">>It>>might>>be>>big>>leagues>>only>>,>>it>>might>>be>>minor>>leagues>>,>>it>>might>>be>>nothing>>at>>all>>.>>"">>"">>The>>guys>>I>>work>>out>>with>>it>>,>>it's>>kind>>of>>a>>mix>>of>>college>>and>>pro>>,>>"">>he>>says>>.>>"">>We're>>just>>trying>>to>>stay>>as>>ready>>as>>possible>>because>>if>>it>>starts>>back>>up>>,>>you>>want>>to>>be>>as>>close>>to>>not>>missing>>a>>beat>>as>>you>>can>>.>>""",re-date,"45,46,204,205,328,329,783,785",Milwaukee California California New York,"628,629",Friday,"682,683,684,685,704,706,708,709",fever cough severe illness pneumonia,"106,108,236,239,477,479,689,693",last week six weeks ago this summer two to three weeks
Moderna sees 'positive' Phase I data for potential coronavirus vaccine,"Fox>>News>>Flash>>top>>headlines>>are>>here>>.>>Check>>out>>what's>>clicking>>on>>Foxnews>>.>>com>>.>>Get>>all>>the>>latest>>news>>on>>coronavirus>>and>>more>>delivered>>daily>>to>>your>>inbox>>.>>Sign>>up>>here>>.>>Biotech>>company>>Moderna>>announced>>on>>Monday>>that>>its>>potential>>COVID>>19>>vaccine>>produced>>antibodies>>in>>all>>45>>participants>>in>>a>>trial>>,>>a>>significant>>milestone>>in>>the>>fight>>against>>the>>coronavirus>>pandemic>>.>>The>>Phase>>I>>trial>>of>>mRNA>>1273>>saw>>all>>patients>>receive>>a>>25>>microgram>>,>>100>>microgram>>or>>250>>microgram>>dose>>.>>Fifteen>>patients>>were>>in>>each>>group>>and>>those>>who>>participated>>in>>the>>study>>received>>two>>doses>>of>>the>>potential>>vaccine>>via>>an>>injection>>in>>the>>upper>>arm>>,>>28>>days>>apart>>.>>At>>day>>43>>,>>the>>group>>that>>received>>25>>micrograms>>,>>saw>>the>>same>>level>>of>>antibodies>>as>>people>>who>>had>>recovered>>from>>the>>disease>>.>>At>>day>>43>>,>>the>>100>>microgram>>dose>>group>>saw>>levels>>of>>antibodies>>that>>"">>significantly>>exceeded>>the>>levels>>"">>seen>>in>>those>>who>>had>>recovered>>from>>the>>disease>>,>>the>>company>>added>>.>>EXPERIMENTAL>>CORONAVIRUS>>TREATMENT>>LERONLIMAB>>RESULTED>>IN>>'REMARKABLE>>RECOVERIES>>,>>'>>DEVELOPER>>SAYS>>The>>Cambridge>>,>>Mass>>.>>based>>biotech>>said>>second>>dose>>data>>for>>the>>250>>microgram>>group>>was>>not>>yet>>available>>.>>"">>These>>interim>>Phase>>1>>data>>,>>while>>early>>,>>demonstrate>>that>>vaccination>>with>>mRNA>>1273>>elicits>>an>>immune>>response>>of>>the>>magnitude>>caused>>by>>natural>>infection>>starting>>with>>a>>dose>>as>>low>>as>>25>>g>>,>>"">>said>>Tal>>Zaks>>,>>M>>.>>D>>.>>,>>Ph>>.>>D>>.>>,>>Chief>>Medical>>Officer>>at>>Moderna>>,>>in>>a>>statement>>.>>"">>When>>combined>>with>>the>>success>>in>>preventing>>viral>>replication>>in>>the>>lungs>>of>>a>>pre>>clinical>>challenge>>model>>at>>a>>dose>>that>>elicited>>similar>>levels>>of>>neutralizing>>antibodies>>,>>these>>data>>substantiate>>our>>belief>>that>>mRNA>>1273>>has>>the>>potential>>to>>prevent>>COVID>>19>>disease>>and>>advance>>our>>ability>>to>>select>>a>>dose>>for>>pivotal>>trials>>.>>"">>In>>addition>>,>>neutralizing>>antibodies>>against>>the>>novel>>coronavirus>>were>>produced>>from>>the>>vaccine>>in>>eight>>participants>>,>>four>>from>>the>>25>>microgram>>group>>and>>four>>from>>the>>100>>microgram>>group>>.>>Moderna>>also>>explained>>mRNA>>1273>>was>>"">>generally>>safe>>and>>well>>tolerated>>,>>"">>though>>it>>added>>there>>was>>one>>person>>in>>the>>100>>microgram>>group>>who>>had>>redness>>around>>the>>injection>>site>>.>>In>>the>>250>>microgram>>group>>,>>three>>patients>>had>>"">>grade>>3>>systemic>>symptoms>>,>>only>>following>>the>>second>>dose>>.>>"">>The>>drug>>from>>the>>biotech>>company>>,>>which>>uses>>messenger>>RNA>>therapeutics>>and>>vaccines>>for>>its>>drugs>>,>>has>>gotten>>some>>praise>>from>>the>>scientific>>community>>,>>despite>>still>>being>>studied>>.>>In>>mid>>April>>,>>Fox>>News>>medical>>contributor>>Dr>>.>>Marc>>Siegel>>appeared>>on>>"">>Tucker>>Carlson>>Tonight>>"">>and>>spoke>>briefly>>about>>the>>possible>>coronavirus>>vaccine>>,>>saying>>White>>House>>Coronavirus>>Task>>Force>>member>>Dr>>.>>Anthony>>Fauci>>had>>said>>he>>was>>optimistic>>about>>the>>process>>.>>"">>Tony>>talked>>to>>me>>about>>the>>vaccine>>development>>.>>And>>he>>said>>that>>the>>Moderna>>vaccine>>that>>the>>NIH>>is>>looking>>at>>is>>very>>encouraging>>,>>"">>Siegel>>told>>Carlson>>.>>"">>And>>it's>>about>>to>>go>>out>>of>>Phase>>I>>trials>>and>>soon>>into>>Phase>>II>>,>>that's>>where>>they>>really>>see>>how>>effective>>it>>is>>.>>That's>>where>>they>>look>>for>>the>>manufacturing>>process>>by>>the>>time>>it>>gets>>to>>market>>several>>months>>from>>now>>.>>"">>The>>Phase>>I>>study>>was>>led>>by>>the>>National>>Institute>>of>>Allergy>>and>>Infectious>>Diseases>>and>>was>>performed>>at>>Kaiser>>Permanente>>Washington>>Health>>Research>>Institute>>in>>Seattle>>.>>FAUCI>>'CAUTIOUSLY>>OPTIMISTIC'>>A>>CORONAVIRUS>>VACCINE>>CANDIDATE>>WILL>>BE>>EFFECTIVE>>Earlier>>this>>month>>,>>Moderna>>announced>>the>>FDA>>had>>been>>awarded>>mRNA>>1273>>fast>>track>>designation>>to>>accelerate>>the>>development>>of>>an>>effective>>COVID>>19>>vaccine>>.>>In>>early>>May>>,>>Moderna>>announced>>the>>FDA>>approved>>its>>COVID>>19>>vaccine>>candidate>>,>>allowing>>it>>to>>move>>to>>Phase>>II>>,>>prior>>to>>publishing>>the>>Phase>>I>>results>>.>>Moderna>>said>>it>>anticipates>>Phase>>III>>trials>>for>>the>>25>>and>>100>>microgram>>groups>>to>>start>>in>>July>>.>>Shares>>of>>the>>biotech>>were>>surging>>in>>early>>Monday>>trading>>,>>up>>more>>than>>24>>percent>>to>>$>>89>>.>>47>>.>>Currently>>,>>there>>is>>no>>known>>scientific>>cure>>for>>the>>disease>>known>>as>>COVID>>19>>,>>however>>,>>a>>number>>of>>drugs>>are>>being>>tested>>to>>see>>if>>they>>can>>treat>>it>>.>>CLICK>>HERE>>FOR>>COMPLETE>>CORONAVIRUS>>COVERAGE>>As>>of>>Monday>>morning>>,>>more>>than>>4>>.>>73>>million>>coronavirus>>cases>>have>>been>>diagnosed>>worldwide>>,>>more>>than>>1>>.>>48>>million>>of>>which>>are>>in>>the>>U>>.>>S>>.>>,>>the>>most>>impacted>>country>>on>>the>>planet>>.",location,"196,197,611,612,789,793",Cambridge Seattle the U . S,"41,42,459,460,651,653,698,699,707,709,763,764",Monday April early May July early Monday Monday,,,"119,122,623,626",28 days apart Earlier this month
More than 'COVID toes': Numerous reports of skin rashes tied to COVID-19,"Numerous>>reports>>of>>skin>>rashes>>in>>patients>>with>>COVID>>19>>are>>cropping>>up>>around>>the>>world>>.>>The>>rashes>>can>>take>>many>>forms>>some>>appear>>as>>tiny>>red>>spots>>,>>while>>others>>appear>>as>>larger>>flat>>or>>raised>>lesions>>.>>Some>>have>>a>>hive>>like>>appearance>>,>>while>>others>>look>>like>>frostbitten>>toes>>.>>15>>CHILDREN>>IN>>NYC>>HOSPITALIZED>>WITH>>MYSTERY>>AILMENT>>LINKED>>TO>>CORONAVIRUS>>REPORT>>However>>,>>it's>>too>>early>>to>>say>>whether>>these>>rashes>>are>>indeed>>caused>>by>>the>>new>>coronavirus>>,>>or>>whether>>they>>are>>related>>to>>other>>factors>>.>>"">>That's>>really>>the>>million>>dollar>>question>>,>>"">>said>>Dr>>.>>Kanade>>Shinkai>>,>>a>>professor>>of>>dermatology>>at>>the>>University>>of>>California>>,>>San>>Francisco>>,>>and>>editor>>in>>chief>>of>>the>>journal>>JAMA>>Dermatology>>.>>"">>It's>>unclear>>whether>>the>>skin>>lesions>>we>>see>>in>>COVID>>are>>actually>>a>>direct>>manifestation>>of>>the>>virus>>"">>in>>the>>skin>>,>>or>>whether>>they>>are>>a>>"">>reaction>>pattern>>"">>due>>to>>a>>generally>>ramped>>up>>immune>>system>>,>>Shinkai>>told>>Live>>Science>>.>>Related>>What>>are>>symptoms>>of>>the>>coronavirus>>?>>It's>>also>>possible>>some>>rashes>>are>>due>>to>>complications>>from>>the>>disease>>,>>reactions>>to>>medications>>or>>even>>due>>to>>other>>viruses>>in>>patients>>with>>"">>co>>infections>>,>>"">>Shinkai>>and>>colleagues>>wrote>>in>>an>>editorial>>published>>April>>30>>in>>the>>journal>>JAMA>>Dermatology>>.>>Social>>media>>posts>>and>>online>>forum>>discussions>>have>>called>>attention>>to>>these>>rashes>>,>>but>>"">>it>>is>>now>>time>>for>>rigorous>>science>>,>>"">>the>>authors>>wrote>>.>>Work>>is>>needed>>to>>address>>many>>unanswered>>questions>>,>>such>>as>>how>>common>>the>>rashes>>are>>,>>and>>what>>they>>mean>>with>>regard>>to>>the>>patients'>>ultimate>>outcomes>>.>>It's>>well>>known>>that>>some>>viral>>illnesses>>,>>such>>as>>chickenpox>>,>>measles>>and>>hand>>,>>foot>>and>>mouth>>disease>>,>>can>>cause>>rashes>>.>>But>>virus>>related>>rashes>>are>>more>>typically>>seen>>in>>children>>,>>Shinkai>>said>>.>>"">>That's>>why>>it's>>much>>more>>striking>>"">>to>>see>>numerous>>reports>>of>>rashes>>in>>adult>>patients>>with>>COVID>>19>>,>>she>>said>>.>>Exactly>>how>>common>>the>>rashes>>are>>remains>>unclear>>.>>In>>one>>early>>study>>of>>more>>than>>1>>,>>000>>COVID>>19>>patients>>in>>China>>,>>published>>Feb>>.>>28>>in>>the>>New>>England>>Journal>>of>>Medicine>>,>>rashes>>were>>noted>>in>>only>>0>>.>>2>>percent>>of>>patients>>.>>However>>,>>in>>a>>more>>recent>>study>>of>>about>>150>>hospitalized>>COVID>>19>>patients>>in>>Italy>>,>>rashes>>were>>found>>in>>20>>percent>>of>>patients>>.>>The>>latter>>study>>,>>published>>March>>26>>in>>the>>Journal>>of>>the>>European>>Academy>>of>>Dermatology>>and>>Venereology>>,>>was>>conducted>>by>>dermatologists>>,>>who>>"">>are>>going>>to>>be>>able>>to>>detect>>more>>subtle>>skin>>changes>>"">>than>>doctors>>in>>other>>specialities>>,>>Shinkai>>said>>.>>CLICK>>HERE>>FOR>>COMPLETE>>CORONAVIRUS>>COVERAGE>>More>>studies>>are>>needed>>that>>follow>>patients>>over>>a>>period>>of>>time>>to>>get>>a>>better>>idea>>of>>the>>true>>prevalence>>of>>rashes>>tied>>to>>COVID>>19>>,>>Shinkai>>said>>.>>Still>>,>>one>>challenge>>to>>this>>is>>that>>some>>patients>>may>>have>>mild>>or>>no>>other>>symptoms>>of>>disease>>,>>and>>may>>never>>be>>diagnosed>>with>>COVID>>19>>,>>she>>said>>.>>Distinct>>rashes>>can>>sometimes>>be>>a>>"">>telltale>>sign>>"">>of>>a>>particular>>infection>>.>>Whether>>this>>will>>be>>the>>case>>for>>COVID>>19>>patients>>remains>>to>>be>>seen>>,>>the>>JAMA>>editorial>>said>>.>>So>>far>>,>>a>>variety>>of>>rashes>>have>>been>>noted>>in>>COVID>>19>>patients>>.>>A>>Spanish>>study>>published>>April>>29>>in>>the>>British>>Journal>>of>>Dermatology>>grouped>>coronavirus>>related>>rashes>>into>>five>>categories>>a>>"">>maculopapular>>"">>rash>>,>>or>>one>>that's>>characteristic>>of>>viral>>infections>>such>>as>>measles>>,>>with>>red>>bumps>>on>>reddish>>skin>>a>>"">>urticaria>>"">>rash>>characteristic>>of>>hives>>a>>'livedo>>"">>rash>>with>>a>>lace>>like>>or>>fishnet>>pattern>>a>>"">>vesicular>>eruption>>"">>or>>blistering>>rash>>and>>a>>frostbite>>like>>rash>>on>>the>>toes>>,>>unofficially>>dubbed>>"">>COVID>>toes>>.>>"">>In>>addition>>,>>one>>recent>>case>>report>>published>>April>>30>>in>>JAMA>>Dermatology>>described>>the>>case>>of>>a>>man>>in>>Spain>>who>>developed>>"">>petechiae>>,>>"">>or>>tiny>>red>>dots>>on>>the>>skin>>and>>a>>separate>>case>>report>>,>>also>>published>>in>>JAMA>>Dermatology>>,>>described>>a>>patient>>in>>France>>who>>developed>>larger>>lesions>>known>>as>>a>>"">>digitate>>papulosquamous>>eruption>>.>>"">>The>>timing>>of>>rash>>symptoms>>with>>COVID>>19>>also>>seems>>to>>vary>>widely>>in>>some>>cases>>,>>rashes>>precede>>symptoms>>such>>as>>fever>>in>>other>>cases>>,>>rashes>>may>>appear>>a>>few>>days>>into>>the>>illness>>or>>not>>show>>up>>until>>late>>in>>the>>course>>of>>the>>infection>>.>>Related>>13>>coronavirus>>myths>>busted>>by>>science>>Research>>is>>needed>>to>>comprehensively>>evaluate>>these>>rashes>>and>>when>>they>>occur>>,>>Shinkai>>said>>.>>Doctors>>will>>also>>need>>to>>examine>>tissue>>samples>>to>>determine>>if>>the>>virus>>that>>causes>>COVID>>19>>,>>known>>as>>SARS>>CoV>>2>>,>>can>>be>>detected>>in>>the>>skin>>itself>>,>>which>>is>>the>>case>>for>>some>>viral>>illnesses>>that>>cause>>rashes>>,>>Shinkai>>said>>.>>EVEN>>AFTER>>RESPIRATORY>>SYMPTOMS>>FADE>>,>>CORONAVIRUS>>VICTIMS>>FACE>>DANGER>>In>>addition>>,>>the>>significance>>of>>these>>rashes>>such>>as>>whether>>they>>are>>tied>>to>>better>>or>>worse>>outcomes>>for>>patients>>should>>also>>be>>studied>>,>>she>>said>>.>>For>>example>>,>>some>>patients>>with>>COVID>>toes>>have>>been>>reported>>to>>have>>mild>>or>>asymptomatic>>cases>>of>>COVID>>19>>,>>Live>>Science>>previously>>reported>>.>>To>>help>>doctors>>learn>>more>>about>>COVID>>19>>and>>rashes>>,>>a>>task>>force>>with>>the>>American>>Academy>>of>>Dermatology>>has>>created>>an>>online>>COVID>>19>>dermatology>>registry>>,>>where>>health>>care>>providers>>can>>report>>skin>>findings>>linked>>to>>the>>disease>>,>>Live>>Science>>previously>>reported>>.>>11>>sometimes>>deadly>>diseases>>that>>hopped>>across>>species",location,"118,120,376,377,417,418,729,730",San Francisco China Italy France,"224,226,433,435,598,599,687,689",April 30 March 26 April April 30,"3,5,18,19,26,29,38,39,75,76,136,138,190,191,244,245,275,276,318,319,342,343,357,358,390,391,419,420,503,504,585,586,609,610,617,618,640,641,647,648,661,663,667,671,746,747,760,761,765,766,770,771,806,807,857,858,936,937",skin rashes rashes tiny red spots lesions rashes skin lesions rashes rashes rashes rashes rashes rashes rashes rashes rashes rashes rashes rash rash rash blistering rash rash on the toes rash rashes fever rashes rashes rashes rashes,"774,776",few days
More than 'covid toes': Numerous reports of skin rashes tied to COVID-19,"Numerous>>reports>>of>>skin>>rashes>>in>>patients>>with>>COVID>>19>>are>>cropping>>up>>around>>the>>world>>.>>The>>rashes>>can>>take>>many>>forms>>some>>appear>>as>>tiny>>red>>spots>>,>>while>>others>>appear>>as>>larger>>flat>>or>>raised>>lesions>>.>>Some>>have>>a>>hive>>like>>appearance>>,>>while>>others>>look>>like>>frostbitten>>toes>>.>>However>>,>>it's>>too>>early>>to>>say>>whether>>these>>rashes>>are>>indeed>>caused>>by>>the>>new>>coronavirus>>,>>or>>whether>>they>>are>>related>>to>>other>>factors>>.>>"">>That's>>really>>the>>million>>dollar>>question>>,>>"">>said>>Dr>>.>>Kanade>>Shinkai>>,>>a>>professor>>of>>dermatology>>at>>the>>University>>of>>California>>,>>San>>Francisco>>,>>and>>editor>>in>>chief>>of>>the>>journal>>JAMA>>Dermatology>>.>>"">>It's>>unclear>>whether>>the>>skin>>lesions>>we>>see>>in>>COVID>>are>>actually>>a>>direct>>manifestation>>of>>the>>virus>>"">>in>>the>>skin>>,>>or>>whether>>they>>are>>a>>"">>reaction>>pattern>>"">>due>>to>>a>>generally>>ramped>>up>>immune>>system>>,>>Shinkai>>told>>Live>>Science>>.>>Related>>What>>are>>symptoms>>of>>the>>coronavirus>>?>>It's>>also>>possible>>some>>rashes>>are>>due>>to>>complications>>from>>the>>disease>>,>>reactions>>to>>medications>>or>>even>>due>>to>>other>>viruses>>in>>patients>>with>>"">>co>>infections>>,>>"">>Shinkai>>and>>colleagues>>wrote>>in>>an>>editorial>>published>>April>>30>>in>>the>>journal>>JAMA>>Dermatology>>.>>Social>>media>>posts>>and>>online>>forum>>discussions>>have>>called>>attention>>to>>these>>rashes>>,>>but>>"">>it>>is>>now>>time>>for>>rigorous>>science>>,>>"">>the>>authors>>wrote>>.>>Work>>is>>needed>>to>>address>>many>>unanswered>>questions>>,>>such>>as>>how>>common>>the>>rashes>>are>>,>>and>>what>>they>>mean>>with>>regard>>to>>the>>patients'>>ultimate>>outcomes>>.>>It's>>well>>known>>that>>some>>viral>>illnesses>>,>>such>>as>>chickenpox>>,>>measles>>and>>hand>>,>>foot>>and>>mouth>>disease>>,>>can>>cause>>rashes>>.>>But>>virus>>related>>rashes>>are>>more>>typically>>seen>>in>>children>>,>>Shinkai>>said>>.>>"">>That's>>why>>it's>>much>>more>>striking>>"">>to>>see>>numerous>>reports>>of>>rashes>>in>>adult>>patients>>with>>COVID>>19>>,>>she>>said>>.>>Exactly>>how>>common>>the>>rashes>>are>>remains>>unclear>>.>>In>>one>>early>>study>>of>>more>>than>>1>>,>>000>>COVID>>19>>patients>>in>>China>>,>>published>>Feb>>.>>28>>in>>the>>New>>England>>Journal>>of>>Medicine>>,>>rashes>>were>>noted>>in>>only>>0>>.>>2>>%>>of>>patients>>.>>However>>,>>in>>a>>more>>recent>>study>>of>>about>>150>>hospitalized>>COVID>>19>>patients>>in>>Italy>>,>>rashes>>were>>found>>in>>20>>%>>of>>patients>>.>>The>>latter>>study>>,>>published>>March>>26>>in>>the>>Journal>>of>>the>>European>>Academy>>of>>Dermatology>>and>>Venereology>>,>>was>>conducted>>by>>dermatologists>>,>>who>>"">>are>>going>>to>>be>>able>>to>>detect>>more>>subtle>>skin>>changes>>"">>than>>doctors>>in>>other>>specialities>>,>>Shinkai>>said>>.>>More>>studies>>are>>needed>>that>>follow>>patients>>over>>a>>period>>of>>time>>to>>get>>a>>better>>idea>>of>>the>>true>>prevalence>>of>>rashes>>tied>>to>>COVID>>19>>,>>Shinkai>>said>>.>>Still>>,>>one>>challenge>>to>>this>>is>>that>>some>>patients>>may>>have>>mild>>or>>no>>other>>symptoms>>of>>disease>>,>>and>>may>>never>>be>>diagnosed>>with>>COVID>>19>>,>>she>>said>>.>>Distinct>>rashes>>can>>sometimes>>be>>a>>"">>telltale>>sign>>"">>of>>a>>particular>>infection>>.>>Whether>>this>>will>>be>>the>>case>>for>>COVID>>19>>patients>>remains>>to>>be>>seen>>,>>the>>JAMA>>editorial>>said>>.>>So>>far>>,>>a>>variety>>of>>rashes>>have>>been>>noted>>in>>COVID>>19>>patients>>.>>A>>Spanish>>study>>published>>April>>29>>in>>the>>British>>Journal>>of>>Dermatology>>grouped>>coronavirus>>related>>rashes>>into>>five>>categories>>a>>"">>maculopapular>>"">>rash>>,>>or>>one>>that's>>characteristic>>of>>viral>>infections>>such>>as>>measles>>,>>with>>red>>bumps>>on>>reddish>>skin>>a>>"">>urticaria>>"">>rash>>characteristic>>of>>hives>>a>>'livedo>>"">>rash>>with>>a>>lace>>like>>or>>fishnet>>pattern>>a>>"">>vesicular>>eruption>>"">>or>>blistering>>rash>>and>>a>>frostbite>>like>>rash>>on>>the>>toes>>,>>unofficially>>dubbed>>"">>covid>>toes>>.>>"">>In>>addition>>,>>one>>recent>>case>>report>>published>>April>>30>>in>>JAMA>>Dermatology>>described>>the>>case>>of>>a>>man>>in>>Spain>>who>>developed>>"">>petechiae>>,>>"">>or>>tiny>>red>>dots>>on>>the>>skin>>and>>a>>separate>>case>>report>>,>>also>>published>>in>>JAMA>>Dermatology>>,>>described>>a>>patient>>in>>France>>who>>developed>>larger>>lesions>>known>>as>>a>>"">>digitate>>papulosquamous>>eruption>>.>>"">>The>>timing>>of>>rash>>symptoms>>with>>COVID>>19>>also>>seems>>to>>vary>>widely>>in>>some>>cases>>,>>rashes>>precede>>symptoms>>such>>as>>fever>>in>>other>>cases>>,>>rashes>>may>>appear>>a>>few>>days>>into>>the>>illness>>or>>not>>show>>up>>until>>late>>in>>the>>course>>of>>the>>infection>>.>>Related>>13>>coronavirus>>myths>>busted>>by>>science>>Research>>is>>needed>>to>>comprehensively>>evaluate>>these>>rashes>>and>>when>>they>>occur>>,>>Shinkai>>said>>.>>Doctors>>will>>also>>need>>to>>examine>>tissue>>samples>>to>>determine>>if>>the>>virus>>that>>causes>>COVID>>19>>,>>known>>as>>SARS>>CoV>>2>>,>>can>>be>>detected>>in>>the>>skin>>itself>>,>>which>>is>>the>>case>>for>>some>>viral>>illnesses>>that>>cause>>rashes>>,>>Shinkai>>said>>.>>In>>addition>>,>>the>>significance>>of>>these>>rashes>>such>>as>>whether>>they>>are>>tied>>to>>better>>or>>worse>>outcomes>>for>>patients>>should>>also>>be>>studied>>,>>she>>said>>.>>For>>example>>,>>some>>patients>>with>>covid>>toes>>have>>been>>reported>>to>>have>>mild>>or>>asymptomatic>>cases>>of>>COVID>>19>>,>>Live>>Science>>previously>>reported>>.>>To>>help>>doctors>>learn>>more>>about>>COVID>>19>>and>>rashes>>,>>a>>task>>force>>with>>the>>American>>Academy>>of>>Dermatology>>has>>created>>an>>online>>COVID>>19>>dermatology>>registry>>,>>where>>health>>care>>providers>>can>>report>>skin>>findings>>linked>>to>>the>>disease>>,>>Live>>Science>>previously>>reported>>.",re-date,"106,108,364,365,405,406,711,712",San Francisco China Italy France,"212,214,367,370,421,423,580,582,669,671",April 30 Feb . 28 March 26 April 29 April 30,"3,5,18,19,26,29,38,39,63,64,124,126,178,179,232,233,263,264,301,302,306,307,330,331,345,346,378,379,407,408,485,486,527,528,567,568,591,592,599,600,613,615,616,618,622,623,629,630,643,645,649,653,728,729,742,743,752,753,788,789,839,840,851,852,908,909",skin rashes rashes tiny red spots lesions rashes skin lesions rashes rashes rashes rashes rashes rashes rashes rashes rashes rashes rashes rashes rashes rash red bumps reddish skin rash rash blistering rash rash on the toes rash rashes rashes rashes rashes rashes rashes,"754,758",appear a few days
More than a dozen USS Theodore Roosevelt sailors test positive for coronavirus a second time,"A>>U>>.>>S>>.>>Navy>>sailor>>assigned>>to>>the>>USS>>Roosevelt>>has>>died>>from>>coronavirus>>.>>Get>>all>>the>>latest>>news>>on>>coronavirus>>and>>more>>delivered>>daily>>to>>your>>inbox>>.>>Sign>>up>>here>>.>>At>>least>>13>>sailors>>serving>>aboard>>the>>USS>>Theodore>>Roosevelt>>have>>tested>>positive>>for>>coronavirus>>a>>second>>time>>,>>according>>to>>reports>>.>>An>>unnamed>>Navy>>official>>confirmed>>Saturday>>that>>eight>>additional>>sailors>>serving>>aboard>>the>>aircraft>>carrier>>docked>>in>>Guam>>have>>become>>infected>>again>>after>>recovering>>from>>COVID>>19>>,>>The>>Associated>>Press>>reported>>.>>The>>Navy>>official>>was>>not>>authorized>>to>>speak>>publicly>>and>>requested>>anonymity>>.>>In>>a>>statement>>Friday>>,>>the>>Navy>>had>>announced>>five>>had>>tested>>positive>>a>>second>>time>>.>>All>>13>>sailors>>have>>again>>been>>removed>>from>>the>>ship>>and>>are>>in>>isolation>>at>>the>>U>>.>>S>>.>>Naval>>Base>>Guam>>,>>Politico>>reported>>.>>Another>>sailor>>was>>removed>>from>>the>>ship>>after>>being>>diagnosed>>with>>tuberculosis>>,>>a>>bacterial>>infection>>that>>affects>>the>>lungs>>and>>involves>>similar>>symptoms>>to>>COVID>>19>>,>>such>>as>>coughing>>,>>fever>>and>>difficulty>>breathing>>.>>CLICK>>HERE>>FOR>>FULL>>CORONAVIRUS>>COVERAGE>>"">>This>>week>>,>>a>>small>>number>>of>>TR>>Sailors>>who>>previously>>tested>>COVID>>positive>>and>>met>>rigorous>>recovery>>criteria>>have>>retested>>positive>>,>>"">>Navy>>spokesperson>>Cmdr>>.>>Myers>>Vasquez>>said>>in>>a>>statement>>,>>according>>to>>Politico>>.>>"">>These>>protocols>>resulted>>in>>a>>small>>number>>of>>close>>contacts>>who>>were>>also>>removed>>from>>the>>ship>>,>>quarantined>>and>>tested>>.>>The>>ship>>remains>>on>>the>>road>>to>>recovery>>and>>will>>prepare>>to>>get>>back>>underway>>once>>a>>critical>>mass>>of>>crew>>with>>the>>required>>expertise>>is>>onboard>>.>>"">>"">>In>>the>>course>>of>>the>>ship's>>rigorous>>infection>>surveillance>>,>>a>>single>>active>>case>>of>>TB>>was>>identified>>and>>diagnosed>>,>>"">>Vasquez>>said>>.>>"">>The>>individual>>has>>been>>removed>>from>>the>>ship>>,>>isolated>>,>>and>>will>>remain>>under>>the>>direct>>care>>of>>the>>naval>>health>>system>>until>>cleared>>by>>doctors>>.>>"">>An>>estimated>>1>>.>>5>>million>>people>>died>>from>>tuberculosis>>last>>year>>worldwide>>more>>than>>any>>other>>infectious>>disease>>.>>Tuberculosis>>is>>considered>>rare>>in>>the>>United>>States>>.>>Before>>being>>allowed>>to>>return>>to>>the>>ship>>,>>all>>sailors>>who>>had>>previously>>tested>>positive>>for>>COVID>>19>>underwent>>at>>least>>two>>weeks>>of>>isolation>>and>>had>>to>>test>>negative>>twice>>in>>a>>row>>,>>with>>the>>tests>>separated>>by>>at>>least>>a>>day>>or>>two>>.>>USS>>THEODORE>>ROOSEVELT>>SAILOR>>WHO>>DIED>>FROM>>CORONAVIRUS>>RELATED>>COMPLICATIONS>>IDENTIFIED>>After>>an>>outbreak>>was>>discovered>>aboard>>the>>Roosevelt>>in>>March>>,>>the>>ship>>was>>forced>>to>>dock>>in>>Guam>>and>>some>>4>>,>>000>>of>>the>>4>>,>>800>>member>>crew>>were>>sent>>ashore>>for>>either>>quarantine>>or>>isolation>>.>>Hundreds>>of>>sailors>>began>>returning>>to>>the>>ship>>in>>coordinated>>waves>>earlier>>this>>month>>to>>prepare>>to>>set>>sail>>again>>.>>That>>process>>has>>been>>slowed>>due>>to>>the>>discovery>>of>>new>>cases>>,>>which>>has>>raised>>questions>>about>>the>>reintegration>>of>>previously>>infected>>troops>>into>>the>>ranks>>.>>The>>crew>>members>>who>>became>>infected>>a>>second>>time>>"">>developed>>influenza>>like>>illness>>symptoms>>and>>did>>the>>right>>thing>>reporting>>to>>medical>>for>>evaluation>>,>>"">>the>>Navy>>said>>in>>a>>statement>>.>>As>>of>>Thursday>>,>>more>>than>>2>>,>>900>>sailors>>had>>returned>>to>>the>>ship>>.>>More>>than>>1>>,>>000>>crew>>members>>who>>had>>tested>>positive>>for>>the>>coronavirus>>have>>since>>recovered>>.>>The>>accuracy>>of>>testing>>itself>>has>>also>>been>>called>>into>>question>>.>>Sailors>>were>>tested>>for>>the>>virus>>using>>nasal>>swabs>>.>>In>>some>>cases>>,>>an>>infection>>can>>be>>at>>such>>a>>low>>level>>that>>it>>is>>not>>detected>>by>>the>>test>>,>>which>>could>>mean>>no>>relapses>>occurred>>,>>and>>those>>cleared>>for>>the>>virus>>really>>had>>levels>>too>>low>>for>>detection>>.>>The>>Roosevelt>>made>>headlines>>when>>the>>ship's>>captain>>was>>relieved>>of>>command>>.>>Brett>>Crozier>>was>>accused>>of>>going>>"">>outside>>the>>chain>>of>>command>>"">>and>>leaking>>a>>letter>>to>>the>>media>>in>>which>>he>>raised>>concerns>>about>>more>>than>>200>>sailors>>on>>the>>ship>>who>>had>>tested>>positive>>for>>COVID>>19>>.>>CLICK>>HERE>>TO>>GET>>THE>>FOX>>NEWS>>APP>>The>>ship>>pulled>>into>>Guam>>on>>March>>27>>,>>10>>days>>early>>for>>its>>scheduled>>maintenance>>stop>>due>>to>>the>>outbreak>>aboard>>.>>The>>Navy>>has>>identified>>one>>Roosevelt>>crew>>member>>who>>died>>in>>mid>>April>>after>>becoming>>infected>>with>>the>>coronavirus>>.>>Chief>>Petty>>Officer>>Charles>>Robert>>Thacker>>Jr>>.>>,>>41>>,>>of>>Fort>>Smith>>,>>Ark>>.>>,>>died>>April>>13>>at>>U>>.>>S>>.>>Naval>>Hospital>>Guam>>.>>By>>late>>April>>,>>the>>entire>>crew>>of>>the>>aircraft>>carrier>>had>>been>>tested>>for>>the>>coronavirus>>.>>Fox>>News'>>Lucas>>Tomlinson>>,>>Nick>>Givas>>and>>The>>Associated>>Press>>contributed>>to>>this>>report>>.",date,"138,141,366,368",U . S United States,"64,65,108,109,437,438,553,554,718,720,746,748,774,776,786,788",Saturday Friday March Thursday March 27 mid April April 13 late April,"179,180,181,182,183,185,528,532",coughing fever difficulty breathing influenza like illness symptoms,"193,195,721,724",This week 10 days early
"Most children with coronavirus have mild symptoms, recover within 2 weeks: study","New>>study>>reveals>>some>>children>>could>>get>>severe>>COVID>>19>>symptoms>>Most>>children>>who>>contract>>the>>novel>>coronavirus>>will>>recover>>within>>two>>weeks>>and>>display>>only>>mild>>symptoms>>while>>ill>>,>>according>>to>>a>>preliminary>>study>>published>>this>>week>>.>>The>>study>>,>>conducted>>by>>researchers>>in>>Italy>>and>>published>>Wednesday>>in>>JAMA>>Pediatrics>>,>>reviewed>>18>>studies>>published>>between>>early>>December>>2019>>and>>March>>3>>.>>Overall>>,>>the>>researchers>>looked>>at>>data>>from>>1>>,>>065>>pediatric>>patients>>who>>were>>mostly>>from>>China>>and>>all>>under>>the>>age>>of>>19>>.>>TIPS>>ON>>TALKING>>CORONAVIRUS>>WITH>>YOUR>>KIDS>>With>>the>>expectation>>of>>one>>13>>month>>old>>infant>>who>>had>>a>>severe>>case>>of>>COVID>>19>>and>>another>>30>>hour>>old>>baby>>who>>developed>>"">>mild>>respiratory>>distress>>"">>after>>contracting>>the>>virus>>from>>his>>or>>her>>mother>>,>>most>>of>>the>>pediatric>>patients>>reviewed>>had>>fever>>,>>dry>>cough>>and>>fatigue>>or>>were>>asymptomatic>>.>>Though>>some>>of>>the>>children>>were>>hospitalized>>,>>they>>generally>>only>>required>>supportive>>care>>and>>recovered>>within>>one>>to>>two>>weeks>>,>>the>>researchers>>said>>.>>"">>In>>general>>,>>pediatric>>patients>>with>>COVID>>19>>had>>a>>good>>prognosis>>and>>recovered>>within>>1>>to>>2>>weeks>>after>>disease>>onset>>,>>and>>cases>>of>>pediatric>>death>>from>>COVID>>19>>were>>not>>reported>>in>>the>>age>>range>>of>>0>>to>>9>>years>>,>>"">>the>>researchers>>wrote>>,>>though>>one>>death>>was>>reported>>in>>the>>10>>to>>19>>age>>group>>,>>they>>noted>>.>>The>>researchers>>acknowledged>>their>>limitations>>in>>the>>study>>,>>noting>>it>>occurred>>over>>a>>"">>brief>>3>>month>>period>>"">>and>>mainly>>only>>included>>pediatric>>patients>>in>>China>>.>>CLICK>>HERE>>FOR>>COMPLETE>>CORONAVIRUS>>COVERAGE>>"">>As>>a>>result>>,>>we>>could>>not>>assess>>possible>>clinical>>,>>diagnostic>>and>>therapeutic>>differences>>,>>and>>compare>>pediatric>>results>>with>>data>>from>>adults>>with>>SARS>>CoV>>2>>infection>>,>>"">>among>>other>>limitations>>,>>they>>wrote>>.>>"">>The>>quick>>worldwide>>spread>>of>>SARS>>CoV>>2>>infection>>and>>the>>lack>>of>>European>>and>>U>>.>>S>>.>>data>>on>>pediatric>>patients>>require>>further>>epidemiologic>>and>>clinical>>studies>>to>>identify>>possible>>preventive>>and>>therapeutic>>strategies>>,>>"">>they>>added>>.",re-date,"84,85,276,277,339,342",China China U . S,"50,51,61,63,64,66",Wednesday December 2019 March 3,"126,129,147,148,149,151,152,153",mild respiratory distress fever dry cough fatigue,"21,23,174,178,199,203,265,267",two weeks one to two weeks 1 to 2 weeks 3 month
Mysterious coronavirus-linked inflammatory condition reported in Connecticut children for the first time,"Reaction>>and>>analysis>>from>>Dr>>.>>Roberta>>Debiasi>>,>>Division>>Chief>>of>>Pediatric>>Infectious>>Diseases>>at>>Children's>>National>>Hospital>>,>>on>>'America's>>News>>HQ>>.>>'>>Get>>all>>the>>latest>>news>>on>>coronavirus>>and>>more>>delivered>>daily>>to>>your>>inbox>>.>>Sign>>up>>here>>.>>At>>least>>three>>children>>in>>Connecticut>>are>>being>>treated>>for>>a>>mysterious>>inflammatory>>condition>>that>>is>>likely>>linked>>to>>the>>novel>>coronavirus>>.>>The>>condition>>has>>also>>been>>reported>>in>>recent>>weeks>>in>>pediatric>>coronavirus>>cases>>in>>a>>handful>>of>>U>>.>>S>>.>>states>>and>>elsewhere>>,>>raising>>alarm>>for>>doctors>>in>>New>>York>>and>>California>>as>>well>>as>>abroad>>in>>the>>United>>Kingdom>>.>>CORONAVIRUS>>IN>>THE>>US>>STATE>>BY>>STATE>>BREAKDOWN>>Connecticut>>based>>Yale>>New>>Haven>>Children's>>Hospital>>YNHCH>>on>>Monday>>announced>>what>>is>>said>>to>>be>>the>>state's>>first>>cases>>of>>the>>pediatric>>inflammatory>>multisystem>>syndrome>>,>>or>>PIMS>>,>>which>>doctors>>have>>said>>is>>similar>>to>>Kawasaki>>disease>>,>>or>>a>>condition>>that>>causes>>swelling>>in>>medium>>sized>>arteries>>throughout>>the>>body>>.>>The>>cases>>have>>since>>been>>reported>>to>>the>>Connecticut>>Department>>of>>Public>>health>>,>>the>>hospital>>said>>in>>a>>news>>release>>.>>"">>Unfortunately>>,>>this>>disease>>carries>>features>>of>>toxic>>shock>>syndrome>>and>>elements>>of>>Kawasaki>>disease>>and>>strikes>>school>>aged>>children>>.>>While>>these>>cases>>are>>exceptionally>>rare>>,>>given>>our>>proximity>>to>>New>>York>>where>>there>>has>>been>>a>>significant>>number>>reported>>,>>we>>have>>been>>watching>>their>>experience>>closely>>,>>"">>said>>Clifford>>Bogue>>,>>physician>>in>>chief>>of>>YNHCH>>,>>in>>a>>statement>>.>>"">>We>>are>>working>>diligently>>with>>local>>and>>state>>health>>officials>>to>>address>>this>>issue>>and>>strongly>>recommend>>that>>children>>who>>may>>be>>suffering>>from>>symptoms>>seek>>early>>referrals>>to>>pediatric>>infectious>>disease>>specialists>>,>>rheumatologists>>,>>or>>cardiologists>>,>>"">>he>>added>>.>>Signs>>of>>the>>mysterious>>condition>>include>>persistent>>fever>>,>>rash>>,>>and>>gastrointestinal>>symptoms>>such>>as>>vomiting>>and>>diarrhea>>.>>Cardiac>>inflammation>>has>>also>>occurred>>in>>cases>>of>>PIMS>>,>>as>>has>>a>>swollen>>,>>red>>tongue>>.>>The>>cases>>were>>also>>announced>>by>>Gov>>.>>Ned>>Lamont>>during>>his>>daily>>press>>briefing>>on>>Monday>>,>>the>>Hartford>>Courant>>reported>>.>>He>>noted>>the>>children>>are>>"">>doing>>OK>>"">>and>>are>>responding>>to>>anti>>inflammatory>>treatments>>.>>"">>It>>seems>>to>>be>>[>>that>>]>>the>>immune>>system>>is>>hyper>>reactive>>and>>has>>an>>increased>>response>>to>>the>>virus>>,>>such>>that>>it>>doesn't>>shut>>down>>,>>"">>Dr>>.>>Thomas>>Murray>>,>>the>>associate>>medical>>director>>in>>infection>>prevention>>at>>Yale>>New>>Haven>>Children's>>Hospital>>,>>said>>at>>the>>news>>conference>>,>>as>>per>>the>>outlet>>.>>"">>We>>all>>need>>that>>inflammation>>to>>help>>us>>get>>rid>>of>>infections>>but>>then>>the>>body>>shuts>>it>>down>>and>>that's>>how>>we>>get>>better>>.>>But>>something>>is>>triggering>>in>>these>>kids>>it>>seems>>to>>be>>happening>>later>>in>>their>>experience>>with>>the>>virus>>the>>inflammation>>to>>not>>shut>>down>>.>>"">>The>>news>>comes>>after>>British>>health>>authorities>>,>>in>>a>>warning>>to>>health>>care>>professionals>>in>>late>>April>>,>>said>>that>>some>>severely>>ill>>pediatric>>patients>>in>>the>>country>>including>>some>>who>>were>>positive>>for>>the>>coronavirus>>presented>>an>>"">>unusual>>clinical>>picture>>"">>that>>included>>inflammatory>>symptoms>>possibly>>linked>>to>>COVID>>19>>.>>The>>U>>.>>K>>.>>Pediatric>>Intensive>>Care>>Society>>PICS>>,>>citing>>an>>email>>alert>>from>>the>>National>>Health>>Service>>NHS>>in>>England>>,>>said>>in>>a>>news>>release>>that>>health>>officials>>had>>reported>>"">>a>>small>>rise>>in>>the>>number>>of>>cases>>of>>critically>>ill>>children>>presenting>>with>>an>>unusual>>clinical>>picture>>"">>at>>the>>time>>.>>More>>specifically>>,>>it>>is>>a>>"">>multi>>system>>inflammatory>>state>>"">>that>>may>>be>>connected>>to>>the>>novel>>virus>>.>>"">>The>>cases>>have>>in>>common>>overlapping>>features>>of>>toxic>>shock>>syndrome>>and>>atypical>>Kawasaki>>disease>>with>>blood>>parameters>>consistent>>with>>severe>>COVID>>19>>in>>children>>.>>Abdominal>>pain>>and>>gastrointestinal>>symptoms>>have>>been>>a>>common>>feature>>as>>has>>cardiac>>inflammation>>,>>"">>the>>NHS>>notice>>reads>>,>>per>>PICS>>.>>Since>>then>>,>>at>>least>>three>>young>>children>>in>>New>>York>>have>>died>>after>>being>>hospitalized>>with>>the>>rare>>Kawasaki>>disease>>like>>illness>>,>>New>>York>>Gov>>.>>Andrew>>Cuomo>>said>>Saturday>>.>>The>>condition>>has>>also>>affected>>several>>patients>>at>>Children's>>Hospital>>Los>>Angeles>>in>>California>>,>>as>>well>>as>>at>>least>>one>>child>>in>>Louisiana>>and>>at>>least>>three>>children>>in>>Washington>>,>>D>>.>>C>>.>>A>>6>>month>>old>>who>>was>>hospitalized>>in>>California>>with>>Kawasaki>>disease>>last>>month>>also>>tested>>positive>>for>>COVID>>19>>,>>Reuters>>reported>>at>>the>>time>>.>>CLICK>>FOR>>COMPLETE>>COVERAGE>>OF>>THE>>CORONAVIRUS>>OUTBREAK>>Dr>>.>>Jacqueline>>Szmuszkovicz>>,>>a>>pediatric>>cardiologist>>at>>Children's>>Hospital>>Los>>Angeles>>,>>recently>>said>>that>>children>>who>>have>>a>>fever>>that>>lasts>>for>>four>>or>>more>>days>>should>>seek>>medical>>attention>>.>>"">>Certainly>>,>>if>>they>>see>>any>>of>>the>>other>>signs>>the>>rash>>,>>the>>red>>tongue>>,>>red>>eyes>>we>>encourage>>them>>to>>seek>>care>>,>>"">>she>>told>>The>>Los>>Angeles>>Times>>.",symptom,"50,51,85,88,98,100,101,102,108,110,114,115,119,120,122,124,228,230,554,557,575,576,707,709,727,728,729,730,746,751,760,761,798,800","Connecticut U . S New York California United Kingdom US Connecticut New Haven New York U . K England New York Angeles California Washington , D . C California Los Angeles","128,129,360,361,515,517,714,715",Monday Monday late April Saturday,"312,314,315,316,318,320,322,323,324,325,641,644,659,661,662,664,671,673,808,809,833,834,836,838,839,841",persistent fever rash gastrointestinal symptoms vomiting diarrhea toxic shock syndrome Abdominal pain gastrointestinal symptoms cardiac inflammation fever rash red tongue red eyes,"812,816",four or more days
NASA's Kennedy Space Center offers tips on 'how to isolate like an astronaut',"The>>FDNY>>crest>>is>>displayed>>on>>the>>International>>Space>>Station>>.>>Get>>all>>the>>latest>>news>>on>>coronavirus>>and>>more>>delivered>>daily>>to>>your>>inbox>>.>>Sign>>up>>here>>.>>Astronauts>>,>>the>>Kennedy>>Space>>Center>>explained>>,>>are>>typically>>held>>in>>isolation>>before>>they>>launch>>into>>space>>to>>prevent>>contraction>>and>>spread>>of>>illness>>.>>NASA>>cited>>the>>importance>>of>>protection>>against>>infection>>and>>maintaining>>normalcy>>as>>particularly>>relevant>>to>>the>>coronavirus>>lockdown>>.>>ASTRONAUT>>SCOTT>>KELLY>>,>>VETERAN>>OF>>A>>YEAR>>IN>>SPACE>>,>>DESCRIBES>>HIS>>LIFE>>IN>>CORONAVIRUS>>LOCKDOWN>>A>>lot>>of>>attention>>is>>paid>>to>>the>>physical>>and>>psychological>>wellbeing>>of>>astronauts>>in>>space>>.>>"">>Astronauts>>are>>far>>from>>home>>,>>often>>living>>in>>tight>>quarters>>with>>only>>a>>few>>other>>people>>,>>"">>said>>the>>Kennedy>>Space>>Center>>.>>"">>They>>also>>have>>to>>adjust>>to>>non>>traditional>>foods>>,>>new>>sleeping>>and>>bathing>>habits>>,>>and>>even>>the>>lack>>of>>a>>fresh>>breeze>>or>>greenery>>.>>"">>Only>>one>>launch>>during>>the>>entire>>space>>shuttle>>program>>was>>delayed>>as>>a>>result>>of>>illness>>,>>according>>to>>the>>Kennedy>>Space>>Center>>.>>A>>launch>>of>>the>>space>>shuttle>>Atlantis>>in>>1990>>was>>delayed>>due>>to>>an>>illness>>that>>affected>>Crew>>Commander>>John>>Creighton>>.>>The>>shuttle>>eventually>>launched>>on>>Feb>>.>>28>>of>>that>>year>>.>>With>>NASA>>eyeing>>future>>long>>duration>>missions>>to>>Mars>>,>>scientists>>are>>researching>>the>>long>>term>>effects>>of>>isolation>>.>>"">>It>>has>>been>>noted>>that>>astronauts>>face>>similar>>psychological>>challenges>>as>>submariners>>,>>"">>said>>the>>Kennedy>>Space>>Center>>in>>the>>statement>>.>>"">>The>>longer>>they>>are>>exposed>>to>>extreme>>isolation>>,>>the>>more>>likely>>it>>may>>impact>>their>>well>>being>>.>>ASTRONAUT>>SCOTT>>KELLY>>OFFERS>>CORONAVIRUS>>LOCKDOWN>>TIPS>>FOR>>KEEPING>>KIDS>>MOTIVATED>>TO>>STUDY>>"">>Astronauts>>were>>not>>only>>isolated>>from>>possible>>sources>>of>>disease>>,>>but>>they>>were>>trained>>in>>how>>to>>detect>>symptoms>>and>>early>>signs>>of>>diseases>>,>>"">>the>>center>>explained>>in>>its>>blog>>post>>.>>"">>Of>>course>>,>>not>>only>>did>>this>>keep>>the>>crew>>healthy>>,>>but>>it>>also>>helped>>prevent>>any>>delays>>in>>launch>>schedules>>.>>"">>"">>We>>went>>into>>quarantine>>before>>our>>missions>>so>>that>>we>>wouldn't>>get>>sick>>,>>"">>he>>said>>,>>explaining>>that>>he>>and>>his>>fellow>>astronauts>>spent>>about>>a>>week>>in>>quarantine>>before>>his>>spaceflights>>in>>2002>>and>>2009>>.>>ASTRONAUT>>MIKE>>MASSIMINO>>DESCRIBES>>THE>>ISOLATION>>OF>>SPACE>>,>>OFFERS>>CORONAVIRUS>>QUARANTINE>>,>>LOCKDOWN>>ADVICE>>Scott>>Kelly>>,>>the>>first>>American>>to>>spend>>12>>consecutive>>months>>in>>space>>,>>recently>>described>>his>>life>>in>>coronavirus>>lockdown>>to>>Fox>>News>>.>>"">>If>>you>>asked>>me>>how>>many>>days>>I>>have>>been>>in>>quarantine>>for>>,>>I>>couldn't>>tell>>you>>,>>"">>the>>former>>NASA>>astronaut>>said>>last>>week>>,>>acknowledging>>the>>similarities>>between>>the>>lockdown>>and>>his>>time>>in>>space>>.>>"">>This>>was>>my>>job>>,>>dealing>>with>>the>>situation>>and>>following>>the>>guidance>>it's>>very>>analogous>>to>>my>>mindset>>when>>I>>was>>in>>space>>.>>"">>NASA'S>>HUBBLE>>TELESCOPE>>CELEBRATES>>30>>YEARS>>IN>>SPACE>>Kennedy>>Space>>Center's>>Visitor>>Center>>is>>currently>>closed>>amid>>the>>coronavirus>>lockdown>>.>>CLICK>>HERE>>FOR>>COMPLETE>>CORONAVIRUS>>COVERAGE>>As>>of>>Wednesday>>morning>>,>>more>>than>>3>>.>>14>>million>>coronavirus>>cases>>have>>been>>diagnosed>>worldwide>>,>>at>>least>>1>>,>>015>>,>>289>>of>>which>>are>>in>>the>>U>>.>>S>>.>>The>>disease>>has>>accounted>>for>>at>>least>>218>>,>>727>>deaths>>around>>the>>world>>,>>including>>at>>least>>58>>,>>355>>people>>in>>the>>U>>.>>S>>.",date,"215,218,565,568",Feb . 28 U . S,"196,197,396,397,398,399,537,538",1990 2002 2009 Wednesday,,,"388,390,423,426,466,468",a week 12 consecutive months last week
